participant_id;session_id;team_name;sport;question_key;response_text;code_1;;;Table 1: Code_1 Occurrences;;;Table 2: Code_1 Occurrences by Question Key;;;;;;;;;;;;;;;;;;;;;;;;;;;;;;;;
T1_A01;T1;Uppsala Sirius U15;Football;Q1_Athlete;I think it would be good. Yeah, great.;positive_acceptance;;;Code (20);Count;;Code;Q1_Athlete;Q2_Athlete;Q3_Athlete;Q4_Athlete;Q5_Athlete;Q6_Athlete;Q7_Athlete;Q8_Athlete;Q9_Athlete;Q10_Athlete;Q11_Athlete;Q12_Athlete;Q13_Athlete;Athlete Total;Q1_Coach;Q2_Coach;Q3_Coach;Q4_Coach;Q5_Coach;Q6_Coach;Q7_Coach;Q8_Coach;Q9_Coach;Q10_Coach;Q11_Coach;Q12_Coach;Q13_Coach;Q14_Coach;Q15_Coach;Q16_Coach;Coach Total;Grand Total
T1_A01;T1;Uppsala Sirius U15;Football;Q2_Athlete;Yes, I think it's a motivation because it's kind of exciting, you have something you can, what do you call it, save up for. And I think it's a great way to keep players motivated and to answer the questions.;motivation_reward;;;trust_safety;131;;trust_safety;0;0;21;0;0;2;22;39;2;1;7;1;8;103;0;0;6;0;4;1;0;2;1;0;8;3;0;2;0;1;28;131
T1_A01;T1;Uppsala Sirius U15;Football;Q3_Athlete;Yeah, I think it would be alright.;positive_acceptance;;;positive_acceptance;110;;positive_acceptance;28;8;15;0;0;1;1;7;1;0;0;17;1;79;0;1;1;0;0;2;5;5;1;1;1;1;4;4;2;2;30;109
T1_A01;T1;Uppsala Sirius U15;Football;Q4_Athlete;Anything that, yeah, probably anything like football shoes, chin pads, t-shirts, hoodies, and just training equipment overall.;equipment_preference;;;positive_circulation_response;89;;positive_circulation_response;0;0;19;6;6;0;0;0;2;37;0;0;0;70;0;0;0;0;4;5;0;0;1;0;0;1;5;2;0;1;19;89
T1_A01;T1;Uppsala Sirius U15;Football;Q5_Athlete;Like probably chin pads, if it's not a too worn apart football boot, it could be, what do you call it, goalie gloves, it could be anything like that.;"motivation_reward; hygiene_quality_concern; equipment_preference";;;equipment_preference;86;;equipment_preference;0;0;2;38;37;0;0;0;0;0;0;0;0;77;0;0;0;9;0;0;0;0;0;0;0;0;0;0;0;0;9;86
T1_A01;T1;Uppsala Sirius U15;Football;Q6_Athlete;prefer through app Yes, that would be much more comfortable.;"app_preference; face_to_face_preference";;;motivation_reward;75;;motivation_reward;9;31;1;1;1;0;10;0;2;0;0;1;0;56;0;0;2;0;0;0;1;2;8;4;0;0;0;0;1;1;19;75
T1_A01;T1;Uppsala Sirius U15;Football;Q7_Athlete;Yeah, it'd probably feel a little weird, but I think for me it wouldn't be such a big deal. It could feel weird sometimes, but I think it's good.;positive_acceptance;;;social_comfort_broad;73;;social_comfort_broad;0;0;3;0;0;1;21;30;1;0;6;1;0;63;0;0;1;0;1;2;0;1;0;0;1;3;0;0;0;1;10;73
T1_A01;T1;Uppsala Sirius U15;Football;Q8_Athlete;Yes. ill be comfortable exchanging the goods with different people;"social_comfort_broad; trust_safety";;;cost_access_barrier;61;;cost_access_barrier;3;4;2;0;0;0;2;0;1;0;12;15;0;39;2;9;0;0;5;0;0;0;0;0;0;0;3;0;1;2;22;61
T1_A01;T1;Uppsala Sirius U15;Football;Q9_Athlete;I wouldn't care that much, but I think it's great that everybody has put in effort to it, but some people can't and can't just give away and don't have that kind of, what do you call it, they just can't. So I think I respect it either way.;"social_comfort_broad; positive_circulation_response; trust_safety";;;app_preference;61;;app_preference;5;1;0;0;0;32;2;1;0;0;0;1;1;43;0;0;0;0;0;0;5;2;1;0;0;0;4;2;0;4;18;61
T1_A01;T1;Uppsala Sirius U15;Football;Q10_Athlete;Yes, I have. I've given away chin pads one time, and I've given away a couple of football shoes to my younger cousins.;positive_circulation_response;;;practical_system;61;;practical_system;1;0;0;0;0;0;0;0;2;0;0;2;37;42;0;1;0;0;0;0;1;0;3;0;0;1;1;5;1;5;18;60
T1_A01;T1;Uppsala Sirius U15;Football;Q11_Athlete;Not that no one, the guy hasn't told me, but I think I have a thought that I think that was the reason because he left football because it wasn't probably great at home and stuff like that, and they didn't have the economy.;"cost_access_barrier; no_inclusion_retention";;;community_support;57;;community_support;0;0;3;2;2;0;1;1;14;1;1;10;1;36;0;2;3;0;2;2;4;1;0;1;2;0;0;0;4;0;21;57
T1_A01;T1;Uppsala Sirius U15;Football;Q12_Athlete;Yeah, it depends, but I think some don't have the opportunities or the money economically to buy new gear, and it's great that they could get through the app just answering questions, and I think that's a very smart idea;"cost_access_barrier; app_preference; practical_system";;;inclusion_retention;24;;inclusion_retention;0;0;0;0;0;0;0;0;0;0;0;14;0;14;3;2;0;0;0;0;1;0;0;0;0;0;0;0;4;0;10;24
T1_A01;T1;Uppsala Sirius U15;Football;Q13_Athlete;Yeah, I think it could be a cool idea if it's like used football shoes that the company, Welloop (digital Platform), is in and also has in the shop. It could be like chin pads and stuff like that, not too used, but just stuff overall. It could be anything, whether it's not from teammates or stuff like that.;practical_system;;;fairness_reciprocity;42;;fairness_reciprocity;0;0;0;0;0;0;13;0;27;0;0;0;0;40;0;0;0;0;0;0;0;0;0;0;0;0;0;2;0;0;2;42
T1_A02;T1;Uppsala Sirius U15;Football;Q1_Athlete;It is really good because then the trainers can see my perspective on the training, and I'll earn tokens.;"motivation_reward; positive_acceptance";;;social_comfort_team;41;;social_comfort_team;0;0;18;0;0;0;0;6;1;0;1;0;0;26;0;0;7;0;3;1;0;0;0;0;3;0;0;0;1;0;15;41
T1_A02;T1;Uppsala Sirius U15;Football;Q2_Athlete;Yes, it motivates me to keep replying to the questions. And it feels like when I answer questions, I get good rewards;motivation_reward;;;face_to_face_preference;33;;face_to_face_preference;0;0;0;0;0;28;2;1;0;0;1;1;0;33;0;0;0;0;0;0;0;0;0;0;0;0;0;0;0;0;0;33
T1_A02;T1;Uppsala Sirius U15;Football;Q3_Athlete;I think I would be comfortable, and I think many players would also be comfortable because every player has the money to buy new things.;"cost_access_barrier; positive_acceptance";;;negative_response;29;;negative_response;0;0;0;0;0;0;3;0;0;2;13;0;1;19;0;0;0;0;2;1;0;0;0;2;0;3;0;0;0;2;10;29
T1_A02;T1;Uppsala Sirius U15;Football;Q4_Athlete;I think also football boots, chin guards and clothes.;equipment_preference;;;hygiene_quality_concern;25;;hygiene_quality_concern;0;0;1;2;13;0;0;0;0;1;0;0;0;17;0;0;0;0;0;0;0;0;0;0;0;0;0;8;0;0;8;25
T1_A02;T1;Uppsala Sirius U15;Football;Q5_Athlete;Like football boots are good and chin guards. Shin guards, okay.;equipment_preference;;;skeptical_response;24;;skeptical_response;0;1;1;0;0;0;0;0;2;0;4;0;1;9;0;0;0;0;0;2;0;2;2;1;0;2;0;2;3;1;15;24
T1_A02;T1;Uppsala Sirius U15;Football;Q6_Athlete;I think at practice it would be more simpler.But there are players that are embarrassed, so the app would also be good.;face_to_face_preference;;;no_inclusion_retention;18;;no_inclusion_retention;0;0;0;0;0;0;0;0;0;0;11;0;0;11;5;1;0;0;1;0;0;0;0;0;0;0;0;0;0;0;7;18
T1_A02;T1;Uppsala Sirius U15;Football;Q7_Athlete;No.It doesn't make any difference.;fairness_reciprocity;;;scam_risk;13;;scam_risk;0;0;0;0;0;0;0;0;2;0;0;0;7;9;0;0;0;0;0;0;0;0;0;0;0;1;0;3;0;0;4;13
T1_A02;T1;Uppsala Sirius U15;Football;Q8_Athlete;I think if I knew them, it would be more comfortable. But also through different teams, it can be good too;"social_comfort_broad; trust_safety";;;competition_pressure;10;;competition_pressure;0;0;0;0;0;0;0;0;0;0;0;0;0;0;2;0;0;0;0;0;0;3;3;2;0;0;0;0;0;0;10;10
T1_A02;T1;Uppsala Sirius U15;Football;Q9_Athlete;then I don't care that much. I'm just glad that I could help him.;community_support;;;TOTAL;1063;;TOTAL;46;45;86;49;59;64;77;85;57;42;56;63;57;786;12;16;20;9;22;16;17;18;20;11;15;15;17;30;17;20;275;1061
T1_A02;T1;Uppsala Sirius U15;Football;Q10_Athlete;yes;positive_circulation_response;;;;;;;;;;;;;;;;;;;;;;;;;;;;;;;;;;;;;;
T1_A02;T1;Uppsala Sirius U15;Football;Q11_Athlete;Yes, I know a guy in my school.;"cost_access_barrier; no_inclusion_retention";;;;;;;;;;;;;;;;;;;;;;;;;;;;;;;;;;;;;;
T1_A02;T1;Uppsala Sirius U15;Football;Q12_Athlete;Yes, I think that would be a reason for him to stay, because it got like, I could give him my things;inclusion_retention;;;;;;;;;;;;;;;;;;;;;;;;;;;;;;;;;;;;;;
T1_A02;T1;Uppsala Sirius U15;Football;Q13_Athlete;"I think it would work at the start, and if the players didn't say, "" Ah, you're taking used things, and things like that, I think it would work.";practical_system;;;;;;;;;;;;;;;;;;;;;;;;;;;;;;;;;;;;;;
T1_A03;T1;Uppsala Sirius U15;Football;Q1_Athlete;I think it's good because we earn points and we can buy clothes in the app.;"motivation_reward; positive_acceptance";;;;;;;;;;;;;;;;;;;;;;;;;;;;;;;;;;;;;;
T1_A03;T1;Uppsala Sirius U15;Football;Q2_Athlete;Like a reward;motivation_reward;;;;;;;;;;;;;;;;;;;;;;;;;;;;;;;;;;;;;;
T1_A03;T1;Uppsala Sirius U15;Football;Q3_Athlete;Yes, I would be comfortable;positive_acceptance;;;;;;;;;;;;;;;;;;;;;;;;;;;;;;;;;;;;;;
T1_A03;T1;Uppsala Sirius U15;Football;Q4_Athlete;Maybe old shoes. Yes.;"positive_circulation_response; equipment_preference";;;;;;;;;;;;;;;;;;;;;;;;;;;;;;;;;;;;;;
T1_A03;T1;Uppsala Sirius U15;Football;Q5_Athlete;Maybe a Shoes, ball or something like that.;equipment_preference;;;;;;;;;;;;;;;;;;;;;;;;;;;;;;;;;;;;;;
T1_A03;T1;Uppsala Sirius U15;Football;Q6_Athlete;Through the app;app_preference;;;;;;;;;;;;;;;;;;;;;;;;;;;;;;;;;;;;;;
T1_A03;T1;Uppsala Sirius U15;Football;Q7_Athlete;No, it doesn't make any difference.;fairness_reciprocity;;;;;;;;;;;;;;;;;;;;;;;;;;;;;;;;;;;;;;
T1_A03;T1;Uppsala Sirius U15;Football;Q8_Athlete;No, I don't think it's going to be different. comfortable with anyone;"social_comfort_broad; positive_acceptance; trust_safety";;;;;;;;;;;;;;;;;;;;;;;;;;;;;;;;;;;;;;
T1_A03;T1;Uppsala Sirius U15;Football;Q9_Athlete;Maybe a little bit annoying. Not contributing anything to society.;fairness_reciprocity;;;;;;;;;;;;;;;;;;;;;;;;;;;;;;;;;;;;;;
T1_A03;T1;Uppsala Sirius U15;Football;Q10_Athlete;Yes, I have bought;positive_circulation_response;;;;;;;;;;;;;;;;;;;;;;;;;;;;;;;;;;;;;;
T1_A03;T1;Uppsala Sirius U15;Football;Q11_Athlete;Yes. Maybe two or three;"cost_access_barrier; no_inclusion_retention";;;;;;;;;;;;;;;;;;;;;;;;;;;;;;;;;;;;;;
T1_A03;T1;Uppsala Sirius U15;Football;Q12_Athlete;Yes.;"cost_access_barrier; inclusion_retention";;;;;;;;;;;;;;;;;;;;;;;;;;;;;;;;;;;;;;
T1_A03;T1;Uppsala Sirius U15;Football;Q13_Athlete;No, I don't have any;negative_response;;;;;;;;;;;;;;;;;;;;;;;;;;;;;;;;;;;;;;
T1_A04;T1;Uppsala Sirius U15;Football;Q1_Athlete;Good. It's good.;positive_acceptance;;;;;;;;;;;;;;;;;;;;;;;;;;;;;;;;;;;;;;
T1_A04;T1;Uppsala Sirius U15;Football;Q2_Athlete;Because then if you do that, you can have a motive to answer the questions. Nice, but I feel good that I get some questions that people ask about how my day has been or how the training was.;motivation_reward;;;;;;;;;;;;;;;;;;;;;;;;;;;;;;;;;;;;;;
T1_A04;T1;Uppsala Sirius U15;Football;Q3_Athlete;Yes.If there's no fault;"social_comfort_team; positive_circulation_response; trust_safety";;;;;;;;;;;;;;;;;;;;;;;;;;;;;;;;;;;;;;
T1_A04;T1;Uppsala Sirius U15;Football;Q4_Athlete;Like old shoes, maybe that are so too little, or maybe chin pads that you don't use anymore because they're too small or too big.;"positive_circulation_response; equipment_preference";;;;;;;;;;;;;;;;;;;;;;;;;;;;;;;;;;;;;;
T1_A04;T1;Uppsala Sirius U15;Football;Q5_Athlete;like you have chin pads and maybe like grip socks. Okay.;equipment_preference;;;;;;;;;;;;;;;;;;;;;;;;;;;;;;;;;;;;;;
T1_A04;T1;Uppsala Sirius U15;Football;Q6_Athlete;Through the app.;app_preference;;;;;;;;;;;;;;;;;;;;;;;;;;;;;;;;;;;;;;
T1_A04;T1;Uppsala Sirius U15;Football;Q7_Athlete;Yeah, it would feel different? Because, like through the app, I think like you have some time to think, and like in person, you maybe don't know what to say;"app_preference; face_to_face_preference";;;;;;;;;;;;;;;;;;;;;;;;;;;;;;;;;;;;;;
T1_A04;T1;Uppsala Sirius U15;Football;Q8_Athlete;With the person I know, because if you don't know them, the other people, you may think they have disgusting habits, and you don't want to use that after someone.;"social_comfort_team; trust_safety";;;;;;;;;;;;;;;;;;;;;;;;;;;;;;;;;;;;;;
T1_A04;T1;Uppsala Sirius U15;Football;Q9_Athlete;Like it depends because maybe the person doesn't have the money to like give something. But if they got the money and like, you know, have the opportunity and they don't do it, I would like to get a little bit upset. But because like, why would I give something and no one gives back?;"cost_access_barrier; fairness_reciprocity";;;;;;;;;;;;;;;;;;;;;;;;;;;;;;;;;;;;;;
T1_A04;T1;Uppsala Sirius U15;Football;Q10_Athlete;Yeah, my chin pads, my old shin pads. Okay.;positive_circulation_response;;;;;;;;;;;;;;;;;;;;;;;;;;;;;;;;;;;;;;
T1_A04;T1;Uppsala Sirius U15;Football;Q11_Athlete;No, I don't know.;negative_response;;;;;;;;;;;;;;;;;;;;;;;;;;;;;;;;;;;;;;
T1_A04;T1;Uppsala Sirius U15;Football;Q12_Athlete;Yeah, of course, because like not everyone gets the opportunity to play the sport because it costs a bit of money. But other than that, yeah.;"cost_access_barrier; social_comfort_broad; positive_acceptance; trust_safety";;;;;;;;;;;;;;;;;;;;;;;;;;;;;;;;;;;;;;
T1_A04;T1;Uppsala Sirius U15;Football;Q13_Athlete;Yeah, I think it would work because, like, I think the people who don't use the things, I think they would be happy to give it to someone who could not play the sport because of that gear. So yeah, I think that.;"practical_system; community_support";;;;;;;;;;;;;;;;;;;;;;;;;;;;;;;;;;;;;;
T1_A05;T1;Uppsala Sirius U15;Football;Q1_Athlete;It would be good.;positive_acceptance;;;;;;;;;;;;;;;;;;;;;;;;;;;;;;;;;;;;;;
T1_A05;T1;Uppsala Sirius U15;Football;Q2_Athlete;It's more motivating. Like that way the player will use the app more.;"motivation_reward; app_preference";;;;;;;;;;;;;;;;;;;;;;;;;;;;;;;;;;;;;;
T1_A05;T1;Uppsala Sirius U15;Football;Q3_Athlete;Yeah, I would be comfortable;positive_acceptance;;;;;;;;;;;;;;;;;;;;;;;;;;;;;;;;;;;;;;
T1_A05;T1;Uppsala Sirius U15;Football;Q4_Athlete;chin pads. Yeah;equipment_preference;;;;;;;;;;;;;;;;;;;;;;;;;;;;;;;;;;;;;;
T1_A05;T1;Uppsala Sirius U15;Football;Q5_Athlete;Yes, Chin pads.;equipment_preference;;;;;;;;;;;;;;;;;;;;;;;;;;;;;;;;;;;;;;
T1_A05;T1;Uppsala Sirius U15;Football;Q6_Athlete;I would say through the app.;app_preference;;;;;;;;;;;;;;;;;;;;;;;;;;;;;;;;;;;;;;
T1_A05;T1;Uppsala Sirius U15;Football;Q7_Athlete;No. I mean, I wouldn't feel different.;"fairness_reciprocity; social_comfort_broad; trust_safety";;;;;;;;;;;;;;;;;;;;;;;;;;;;;;;;;;;;;;
T1_A05;T1;Uppsala Sirius U15;Football;Q8_Athlete;I would be comfortable.If it helps them. Any of them is fine.;"community_support; positive_acceptance; social_comfort_broad; trust_safety";;;;;;;;;;;;;;;;;;;;;;;;;;;;;;;;;;;;;;
T1_A05;T1;Uppsala Sirius U15;Football;Q9_Athlete;I mean... Okay. No issue.;"fairness_reciprocity; community_support";;;;;;;;;;;;;;;;;;;;;;;;;;;;;;;;;;;;;;
T1_A05;T1;Uppsala Sirius U15;Football;Q10_Athlete;Some shoes, Sports shoes.;positive_circulation_response;;;;;;;;;;;;;;;;;;;;;;;;;;;;;;;;;;;;;;
T1_A05;T1;Uppsala Sirius U15;Football;Q11_Athlete;No.;negative_response;;;;;;;;;;;;;;;;;;;;;;;;;;;;;;;;;;;;;;
T1_A05;T1;Uppsala Sirius U15;Football;Q12_Athlete;Yeah. It would help them;"practical_system; positive_acceptance";;;;;;;;;;;;;;;;;;;;;;;;;;;;;;;;;;;;;;
T1_A05;T1;Uppsala Sirius U15;Football;Q13_Athlete;Yes, it will make people show up more.;"practical_system; positive_acceptance";;;;;;;;;;;;;;;;;;;;;;;;;;;;;;;;;;;;;;
T1_A06;T1;Uppsala Sirius U15;Football;Q1_Athlete;Yeah, I feel good because Welloop asked me how I feel, and that makes me happy after the training. Someone asked me how I feel after the training.;app_preference;;;;;;;;;;;;;;;;;;;;;;;;;;;;;;;;;;;;;;
T1_A06;T1;Uppsala Sirius U15;Football;Q2_Athlete;Yeah, it feels like they tell me never to give up.;motivation_reward;;;;;;;;;;;;;;;;;;;;;;;;;;;;;;;;;;;;;;
T1_A06;T1;Uppsala Sirius U15;Football;Q3_Athlete;Yes,;"social_comfort_team; positive_circulation_response; trust_safety";;;;;;;;;;;;;;;;;;;;;;;;;;;;;;;;;;;;;;
T1_A06;T1;Uppsala Sirius U15;Football;Q4_Athlete;anything if it's in a good condition;"hygiene_quality_concern; equipment_preference";;;;;;;;;;;;;;;;;;;;;;;;;;;;;;;;;;;;;;
T1_A06;T1;Uppsala Sirius U15;Football;Q5_Athlete;like maybe a bag.;"hygiene_quality_concern; equipment_preference";;;;;;;;;;;;;;;;;;;;;;;;;;;;;;;;;;;;;;
T1_A06;T1;Uppsala Sirius U15;Football;Q6_Athlete;Training, maybe. Training, practice session. Yeah, practice;"app_preference; face_to_face_preference";;;;;;;;;;;;;;;;;;;;;;;;;;;;;;;;;;;;;;
T1_A06;T1;Uppsala Sirius U15;Football;Q7_Athlete;No;negative_response;;;;;;;;;;;;;;;;;;;;;;;;;;;;;;;;;;;;;;
T1_A06;T1;Uppsala Sirius U15;Football;Q8_Athlete;I think the people I know.;"social_comfort_team; trust_safety";;;;;;;;;;;;;;;;;;;;;;;;;;;;;;;;;;;;;;
T1_A06;T1;Uppsala Sirius U15;Football;Q9_Athlete;I don't know, actually. Like, I don't have something to feel about like that.;skeptical_response;;;;;;;;;;;;;;;;;;;;;;;;;;;;;;;;;;;;;;
T1_A06;T1;Uppsala Sirius U15;Football;Q10_Athlete;Yeah, I sold. Yeah, I sold. Okay.But when it was of good quality;"positive_circulation_response; hygiene_quality_concern";;;;;;;;;;;;;;;;;;;;;;;;;;;;;;;;;;;;;;
T1_A06;T1;Uppsala Sirius U15;Football;Q11_Athlete;My home country, but not right here.;"cost_access_barrier; no_inclusion_retention";;;;;;;;;;;;;;;;;;;;;;;;;;;;;;;;;;;;;;
T1_A06;T1;Uppsala Sirius U15;Football;Q12_Athlete;Yeah, like, yeah, I think so. Yeah, it will help them to play sports more. If they are good. Yeah, obviously.;community_support;;;;;;;;;;;;;;;;;;;;;;;;;;;;;;;;;;;;;;
T1_A06;T1;Uppsala Sirius U15;Football;Q13_Athlete;Yeah.To like, to not throw the old boots. Like, maybe give them to someone else to help them. If it's good quality and you won't throw it, like, something like that.;practical_system;;;;;;;;;;;;;;;;;;;;;;;;;;;;;;;;;;;;;;
T1_A07;T1;Uppsala Sirius U15;Football;Q1_Athlete;I would feel better, and it's easier to explain myself and tell my trainers how I feel. I feel like you're more energized and more hype because then I can tell my trainer before the training how I'm feeling and after how I'm feeling, like before the training? I might not feel as good but after the training, I might feel even better,;positive_acceptance;;;;;;;;;;;;;;;;;;;;;;;;;;;;;;;;;;;;;;
T1_A07;T1;Uppsala Sirius U15;Football;Q2_Athlete;it makes me feel more motivated, it makes us feel rewarded somehow and more What's called more productive, okay;motivation_reward;;;;;;;;;;;;;;;;;;;;;;;;;;;;;;;;;;;;;;
T1_A07;T1;Uppsala Sirius U15;Football;Q3_Athlete;Yes, that would be actually a good way from recycling and reusing, since our Environment is now based mostly on buying more and throwing away what's good and usable, and that is good for us, since not everyone on the team may have a good economy, and since our teammates, we can give each other stuff;"social_comfort_broad; positive_circulation_response; community_support; trust_safety";;;;;;;;;;;;;;;;;;;;;;;;;;;;;;;;;;;;;;
T1_A07;T1;Uppsala Sirius U15;Football;Q4_Athlete;my shoes like my old shoes that I don't fit in anymore and my Old jersey since it's always nice to give away;"positive_circulation_response; equipment_preference";;;;;;;;;;;;;;;;;;;;;;;;;;;;;;;;;;;;;;
T1_A07;T1;Uppsala Sirius U15;Football;Q5_Athlete;like shoes, jerseys, or something like that, since chin guards are not so Sanitary or more hygienic to reuse since you sweat into them, but shoes and other equipment should work nicely.;"hygiene_quality_concern; positive_circulation_response; equipment_preference";;;;;;;;;;;;;;;;;;;;;;;;;;;;;;;;;;;;;;
T1_A07;T1;Uppsala Sirius U15;Football;Q6_Athlete;Through app since it's maybe the person doesn't feel comfortable seeing other people Knowing that I bought I read already used So I think it's better to give it through the apps and it's more private that way and that person doesn't feel exposed;"trust_safety; app_preference";;;;;;;;;;;;;;;;;;;;;;;;;;;;;;;;;;;;;;
T1_A07;T1;Uppsala Sirius U15;Football;Q7_Athlete;No, I don't think it would make me feel any different since a gear is a gear it's always be used.;"social_comfort_broad; trust_safety";;;;;;;;;;;;;;;;;;;;;;;;;;;;;;;;;;;;;;
T1_A07;T1;Uppsala Sirius U15;Football;Q8_Athlete;I think it's at the beginning. It's more comfortable to exchange in the team but further on you can do it through the app since it gets better and better;"app_preference; trust_safety";;;;;;;;;;;;;;;;;;;;;;;;;;;;;;;;;;;;;;
T1_A07;T1;Uppsala Sirius U15;Football;Q9_Athlete;I would think it's kind of unfair since you give, and the other person doesn't give anything back to the community, and it makes it Kind of unfair to the others if you use your product, like your old stuff, and you just throw them away instead of giving them away to your friends and other teammates;"fairness_reciprocity; social_comfort_team; community_support; trust_safety";;;;;;;;;;;;;;;;;;;;;;;;;;;;;;;;;;;;;;
T1_A07;T1;Uppsala Sirius U15;Football;Q10_Athlete;I've sold a lot of my old stuff, and I still do;positive_circulation_response;;;;;;;;;;;;;;;;;;;;;;;;;;;;;;;;;;;;;;
T1_A07;T1;Uppsala Sirius U15;Football;Q11_Athlete;No, actually not;negative_response;;;;;;;;;;;;;;;;;;;;;;;;;;;;;;;;;;;;;;
T1_A07;T1;Uppsala Sirius U15;Football;Q12_Athlete;I mean, if it gets internationally, it would be amazing since kids in other countries might not be able to afford it. By this, they can afford it. It's complete freedom. Then it makes me feel better to know someone else can play football;"cost_access_barrier; positive_acceptance";;;;;;;;;;;;;;;;;;;;;;;;;;;;;;;;;;;;;;
T1_A07;T1;Uppsala Sirius U15;Football;Q13_Athlete;Yes, it has worked with other Apps where you give out second hand and sell them for money. So I'm very sure this would work, too. Like, maybe getting scammed in the future could go wrong.;"practical_system; scam_risk; trust_safety";;;;;;;;;;;;;;;;;;;;;;;;;;;;;;;;;;;;;;
T1_A08;T1;Uppsala Sirius U15;Football;Q1_Athlete;Good.;positive_acceptance;;;;;;;;;;;;;;;;;;;;;;;;;;;;;;;;;;;;;;
T1_A08;T1;Uppsala Sirius U15;Football;Q2_Athlete;It feels like a reward if I come to training, then I get something out of it. Yeah, of course it motivates me;"motivation_reward; positive_acceptance";;;;;;;;;;;;;;;;;;;;;;;;;;;;;;;;;;;;;;
T1_A08;T1;Uppsala Sirius U15;Football;Q3_Athlete;Yeah, of course.;positive_acceptance;;;;;;;;;;;;;;;;;;;;;;;;;;;;;;;;;;;;;;
T1_A08;T1;Uppsala Sirius U15;Football;Q4_Athlete;Everything, shoes, clothes, if they need.;equipment_preference;;;;;;;;;;;;;;;;;;;;;;;;;;;;;;;;;;;;;;
T1_A08;T1;Uppsala Sirius U15;Football;Q5_Athlete;Everything. Everything is of good quality.;hygiene_quality_concern;;;;;;;;;;;;;;;;;;;;;;;;;;;;;;;;;;;;;;
T1_A08;T1;Uppsala Sirius U15;Football;Q6_Athlete;Yeah, everything. It doesn't matter, it doesn't matter. Anywhere is fine.;"social_comfort_broad; trust_safety";;;;;;;;;;;;;;;;;;;;;;;;;;;;;;;;;;;;;;
T1_A08;T1;Uppsala Sirius U15;Football;Q7_Athlete;No, I mean, for me, it doesn't matter. If they really need the item, it's okay, they can take it.;"social_comfort_broad; trust_safety";;;;;;;;;;;;;;;;;;;;;;;;;;;;;;;;;;;;;;
T1_A08;T1;Uppsala Sirius U15;Football;Q8_Athlete;or it doesn't matter, you know, everybody. For me, it's everybody.;"social_comfort_broad; trust_safety";;;;;;;;;;;;;;;;;;;;;;;;;;;;;;;;;;;;;;
T1_A08;T1;Uppsala Sirius U15;Football;Q9_Athlete;I mean, it wouldn't be that great, they're not contributing to the rest of the people, they just want to have stuff, not give away.;"fairness_reciprocity; positive_circulation_response";;;;;;;;;;;;;;;;;;;;;;;;;;;;;;;;;;;;;;
T1_A08;T1;Uppsala Sirius U15;Football;Q10_Athlete;I bought a shirt, pants, and Sports equipment;positive_circulation_response;;;;;;;;;;;;;;;;;;;;;;;;;;;;;;;;;;;;;;
T1_A08;T1;Uppsala Sirius U15;Football;Q11_Athlete;I don't think so, no;negative_response;;;;;;;;;;;;;;;;;;;;;;;;;;;;;;;;;;;;;;
T1_A08;T1;Uppsala Sirius U15;Football;Q12_Athlete;Of course, if we can help them, they can stay and play.;"inclusion_retention; community_support; positive_acceptance";;;;;;;;;;;;;;;;;;;;;;;;;;;;;;;;;;;;;;
T1_A08;T1;Uppsala Sirius U15;Football;Q13_Athlete;Yeah, it could work. Communication is important, and I don't think it can be misused, maybe. I don't know. If they get the item and they get it, and they can play, then I think nothing can go wrong.;"practical_system; trust_safety; scam_risk";;;;;;;;;;;;;;;;;;;;;;;;;;;;;;;;;;;;;;
T2_A01;T2;Uppsala Basketball Lions;Basketball;Q1_Athlete;It sounds amazing,;positive_acceptance;;;;;;;;;;;;;;;;;;;;;;;;;;;;;;;;;;;;;;
T2_A01;T2;Uppsala Basketball Lions;Basketball;Q2_Athlete;Yeah, it feels like a great reward,;motivation_reward;;;;;;;;;;;;;;;;;;;;;;;;;;;;;;;;;;;;;;
T2_A01;T2;Uppsala Basketball Lions;Basketball;Q3_Athlete;Sounds very good, yeah, of course;positive_acceptance;;;;;;;;;;;;;;;;;;;;;;;;;;;;;;;;;;;;;;
T2_A01;T2;Uppsala Basketball Lions;Basketball;Q4_Athlete;Shoes;equipment_preference;;;;;;;;;;;;;;;;;;;;;;;;;;;;;;;;;;;;;;
T2_A01;T2;Uppsala Basketball Lions;Basketball;Q5_Athlete;Shoes;equipment_preference;;;;;;;;;;;;;;;;;;;;;;;;;;;;;;;;;;;;;;
T2_A01;T2;Uppsala Basketball Lions;Basketball;Q6_Athlete;Through the app, it is convenient;app_preference;;;;;;;;;;;;;;;;;;;;;;;;;;;;;;;;;;;;;;
T2_A01;T2;Uppsala Basketball Lions;Basketball;Q7_Athlete;Yeah, I would say you're kind of paying for them. But not really;"fairness_reciprocity; social_comfort_broad; trust_safety";;;;;;;;;;;;;;;;;;;;;;;;;;;;;;;;;;;;;;
T2_A01;T2;Uppsala Basketball Lions;Basketball;Q8_Athlete;It would be a little bit sketchy for changing/exchanging things with strangers, but I would trust them;trust_safety;;;;;;;;;;;;;;;;;;;;;;;;;;;;;;;;;;;;;;
T2_A01;T2;Uppsala Basketball Lions;Basketball;Q9_Athlete;It is not really fair, but I mean, the tokens are getting circulated, so that is fine;"motivation_reward; fairness_reciprocity";;;;;;;;;;;;;;;;;;;;;;;;;;;;;;;;;;;;;;
T2_A01;T2;Uppsala Basketball Lions;Basketball;Q10_Athlete;Yeah, Basketball shoes before;positive_circulation_response;;;;;;;;;;;;;;;;;;;;;;;;;;;;;;;;;;;;;;
T2_A01;T2;Uppsala Basketball Lions;Basketball;Q11_Athlete;I don't know anyone personally, but I am aware of this problem. I see kids quitting because of the equipment;no_inclusion_retention;;;;;;;;;;;;;;;;;;;;;;;;;;;;;;;;;;;;;;
T2_A01;T2;Uppsala Basketball Lions;Basketball;Q12_Athlete;Yeah, of course;positive_acceptance;;;;;;;;;;;;;;;;;;;;;;;;;;;;;;;;;;;;;;
T2_A01;T2;Uppsala Basketball Lions;Basketball;Q13_Athlete;I think it would work, but you need a lot of users;practical_system;;;;;;;;;;;;;;;;;;;;;;;;;;;;;;;;;;;;;;
T2_A02;T2;Uppsala Basketball Lions;Basketball;Q1_Athlete;It sounds like a really good way, you know, get free sports equipment through the app just by answering the questions.;"app_preference; positive_acceptance";;;;;;;;;;;;;;;;;;;;;;;;;;;;;;;;;;;;;;
T2_A02;T2;Uppsala Basketball Lions;Basketball;Q2_Athlete;Yes, very good reward;"motivation_reward; positive_acceptance";;;;;;;;;;;;;;;;;;;;;;;;;;;;;;;;;;;;;;
T2_A02;T2;Uppsala Basketball Lions;Basketball;Q3_Athlete;Yes, of course;positive_acceptance;;;;;;;;;;;;;;;;;;;;;;;;;;;;;;;;;;;;;;
T2_A02;T2;Uppsala Basketball Lions;Basketball;Q4_Athlete;Shoes and Headbands;equipment_preference;;;;;;;;;;;;;;;;;;;;;;;;;;;;;;;;;;;;;;
T2_A02;T2;Uppsala Basketball Lions;Basketball;Q5_Athlete;Shoes and Headbands;equipment_preference;;;;;;;;;;;;;;;;;;;;;;;;;;;;;;;;;;;;;;
T2_A02;T2;Uppsala Basketball Lions;Basketball;Q6_Athlete;App too;"app_preference; face_to_face_preference";;;;;;;;;;;;;;;;;;;;;;;;;;;;;;;;;;;;;;
T2_A02;T2;Uppsala Basketball Lions;Basketball;Q7_Athlete;I think if you do it in person, it is more trustworthy, rather than sending it via package or something;"trust_safety; face_to_face_preference";;;;;;;;;;;;;;;;;;;;;;;;;;;;;;;;;;;;;;
T2_A02;T2;Uppsala Basketball Lions;Basketball;Q8_Athlete;I trust the app, so yes;trust_safety;;;;;;;;;;;;;;;;;;;;;;;;;;;;;;;;;;;;;;
T2_A02;T2;Uppsala Basketball Lions;Basketball;Q9_Athlete;The system works better if everybody posts different items;practical_system;;;;;;;;;;;;;;;;;;;;;;;;;;;;;;;;;;;;;;
T2_A02;T2;Uppsala Basketball Lions;Basketball;Q10_Athlete;I personally have not, but I am hoping to start;positive_circulation_response;;;;;;;;;;;;;;;;;;;;;;;;;;;;;;;;;;;;;;
T2_A02;T2;Uppsala Basketball Lions;Basketball;Q11_Athlete;I believe people quit sports because of that, and they don't really wanna talk about it.;no_inclusion_retention;;;;;;;;;;;;;;;;;;;;;;;;;;;;;;;;;;;;;;
T2_A02;T2;Uppsala Basketball Lions;Basketball;Q12_Athlete;Yeah, absolutely;"cost_access_barrier; inclusion_retention";;;;;;;;;;;;;;;;;;;;;;;;;;;;;;;;;;;;;;
T2_A02;T2;Uppsala Basketball Lions;Basketball;Q13_Athlete;It should have a lot of people to get a lot of items. If fewer people start using it;practical_system;;;;;;;;;;;;;;;;;;;;;;;;;;;;;;;;;;;;;;
T2_A03;T2;Uppsala Basketball Lions;Basketball;Q1_Athlete;It's a good idea.;positive_acceptance;;;;;;;;;;;;;;;;;;;;;;;;;;;;;;;;;;;;;;
T2_A03;T2;Uppsala Basketball Lions;Basketball;Q2_Athlete;Yes, it feels like the reward;motivation_reward;;;;;;;;;;;;;;;;;;;;;;;;;;;;;;;;;;;;;;
T2_A03;T2;Uppsala Basketball Lions;Basketball;Q3_Athlete;Yes, absolutely;"social_comfort_team; positive_circulation_response; trust_safety";;;;;;;;;;;;;;;;;;;;;;;;;;;;;;;;;;;;;;
T2_A03;T2;Uppsala Basketball Lions;Basketball;Q4_Athlete;Any training equipments;equipment_preference;;;;;;;;;;;;;;;;;;;;;;;;;;;;;;;;;;;;;;
T2_A03;T2;Uppsala Basketball Lions;Basketball;Q5_Athlete;Any training equipments;equipment_preference;;;;;;;;;;;;;;;;;;;;;;;;;;;;;;;;;;;;;;
T2_A03;T2;Uppsala Basketball Lions;Basketball;Q6_Athlete;Through the training, since it is more efficient,;"app_preference; face_to_face_preference";;;;;;;;;;;;;;;;;;;;;;;;;;;;;;;;;;;;;;
T2_A03;T2;Uppsala Basketball Lions;Basketball;Q7_Athlete;Yes, kind of;"fairness_reciprocity; social_comfort_broad; trust_safety";;;;;;;;;;;;;;;;;;;;;;;;;;;;;;;;;;;;;;
T2_A03;T2;Uppsala Basketball Lions;Basketball;Q8_Athlete;It's all about the app, so yes;"social_comfort_broad; trust_safety";;;;;;;;;;;;;;;;;;;;;;;;;;;;;;;;;;;;;;
T2_A03;T2;Uppsala Basketball Lions;Basketball;Q9_Athlete;It is not really fair;fairness_reciprocity;;;;;;;;;;;;;;;;;;;;;;;;;;;;;;;;;;;;;;
T2_A03;T2;Uppsala Basketball Lions;Basketball;Q10_Athlete;Yeah, me too, I sold a pair of basketball shoes.;positive_circulation_response;;;;;;;;;;;;;;;;;;;;;;;;;;;;;;;;;;;;;;
T2_A03;T2;Uppsala Basketball Lions;Basketball;Q11_Athlete;Yeah, I feel the same, because I don't personally know anybody, but there is probably a lot of people that;"cost_access_barrier; no_inclusion_retention";;;;;;;;;;;;;;;;;;;;;;;;;;;;;;;;;;;;;;
T2_A03;T2;Uppsala Basketball Lions;Basketball;Q12_Athlete;Yess;positive_acceptance;;;;;;;;;;;;;;;;;;;;;;;;;;;;;;;;;;;;;;
T2_A03;T2;Uppsala Basketball Lions;Basketball;Q13_Athlete;Yeah, I agree, if you get a lot of people, if everybody starts to post, there should be a lot of equipment, and that is gonna bring even more people into this community. Yes, then the tokens could not get circulated, and also possible scams;"practical_system; scam_risk; trust_safety";;;;;;;;;;;;;;;;;;;;;;;;;;;;;;;;;;;;;;
T3_A01;T3;Uppsala Basketball P10;Basketball;Q1_Athlete;Motivated;motivation_reward;;;;;;;;;;;;;;;;;;;;;;;;;;;;;;;;;;;;;;
T3_A01;T3;Uppsala Basketball P10;Basketball;Q2_Athlete;Yes;positive_acceptance;;;;;;;;;;;;;;;;;;;;;;;;;;;;;;;;;;;;;;
T3_A01;T3;Uppsala Basketball P10;Basketball;Q3_Athlete;Yeah, it's good;"social_comfort_team; positive_circulation_response; trust_safety";;;;;;;;;;;;;;;;;;;;;;;;;;;;;;;;;;;;;;
T3_A01;T3;Uppsala Basketball P10;Basketball;Q4_Athlete;Sport tee shirts like shorts;equipment_preference;;;;;;;;;;;;;;;;;;;;;;;;;;;;;;;;;;;;;;
T3_A01;T3;Uppsala Basketball P10;Basketball;Q5_Athlete;probably my shirts and shoes;equipment_preference;;;;;;;;;;;;;;;;;;;;;;;;;;;;;;;;;;;;;;
T3_A01;T3;Uppsala Basketball P10;Basketball;Q6_Athlete;through the app;app_preference;;;;;;;;;;;;;;;;;;;;;;;;;;;;;;;;;;;;;;
T3_A01;T3;Uppsala Basketball P10;Basketball;Q7_Athlete;Yeah, like a reward for trading;motivation_reward;;;;;;;;;;;;;;;;;;;;;;;;;;;;;;;;;;;;;;
T3_A01;T3;Uppsala Basketball P10;Basketball;Q8_Athlete;does not matter;"social_comfort_broad; trust_safety";;;;;;;;;;;;;;;;;;;;;;;;;;;;;;;;;;;;;;
T3_A01;T3;Uppsala Basketball P10;Basketball;Q9_Athlete;I don't know, to be honest;skeptical_response;;;;;;;;;;;;;;;;;;;;;;;;;;;;;;;;;;;;;;
T3_A01;T3;Uppsala Basketball P10;Basketball;Q10_Athlete;Sometimes we switch shoes;"positive_circulation_response; trust_safety";;;;;;;;;;;;;;;;;;;;;;;;;;;;;;;;;;;;;;
T3_A01;T3;Uppsala Basketball P10;Basketball;Q11_Athlete;Not in my team;negative_response;;;;;;;;;;;;;;;;;;;;;;;;;;;;;;;;;;;;;;
T3_A01;T3;Uppsala Basketball P10;Basketball;Q12_Athlete;Yeah, probably;"cost_access_barrier; inclusion_retention";;;;;;;;;;;;;;;;;;;;;;;;;;;;;;;;;;;;;;
T3_A01;T3;Uppsala Basketball P10;Basketball;Q13_Athlete;If wrong sizes, communication should be better;practical_system;;;;;;;;;;;;;;;;;;;;;;;;;;;;;;;;;;;;;;
T3_A02;T3;Uppsala Basketball P10;Basketball;Q1_Athlete;Motivated too by questions;motivation_reward;;;;;;;;;;;;;;;;;;;;;;;;;;;;;;;;;;;;;;
T3_A02;T3;Uppsala Basketball P10;Basketball;Q2_Athlete;Yes;positive_acceptance;;;;;;;;;;;;;;;;;;;;;;;;;;;;;;;;;;;;;;
T3_A02;T3;Uppsala Basketball P10;Basketball;Q3_Athlete;Yeah, it would be okay to use what others;"social_comfort_team; positive_circulation_response; trust_safety";;;;;;;;;;;;;;;;;;;;;;;;;;;;;;;;;;;;;;
T3_A02;T3;Uppsala Basketball P10;Basketball;Q4_Athlete;shoes, shorts, and tee shirts;equipment_preference;;;;;;;;;;;;;;;;;;;;;;;;;;;;;;;;;;;;;;
T3_A02;T3;Uppsala Basketball P10;Basketball;Q5_Athlete;old shoes, I can give them away;"positive_circulation_response; equipment_preference";;;;;;;;;;;;;;;;;;;;;;;;;;;;;;;;;;;;;;
T3_A02;T3;Uppsala Basketball P10;Basketball;Q6_Athlete;app;"app_preference; face_to_face_preference";;;;;;;;;;;;;;;;;;;;;;;;;;;;;;;;;;;;;;
T3_A02;T3;Uppsala Basketball P10;Basketball;Q7_Athlete;Yes, because you get something in return if you give someone;"fairness_reciprocity; social_comfort_broad; trust_safety";;;;;;;;;;;;;;;;;;;;;;;;;;;;;;;;;;;;;;
T3_A02;T3;Uppsala Basketball P10;Basketball;Q8_Athlete;does not matter;"social_comfort_broad; trust_safety";;;;;;;;;;;;;;;;;;;;;;;;;;;;;;;;;;;;;;
T3_A02;T3;Uppsala Basketball P10;Basketball;Q9_Athlete;It feels bad. He does not involve himself;"fairness_reciprocity; community_support";;;;;;;;;;;;;;;;;;;;;;;;;;;;;;;;;;;;;;
T3_A02;T3;Uppsala Basketball P10;Basketball;Q10_Athlete;I sold some;positive_circulation_response;;;;;;;;;;;;;;;;;;;;;;;;;;;;;;;;;;;;;;
T3_A02;T3;Uppsala Basketball P10;Basketball;Q11_Athlete;I don't know;skeptical_response;;;;;;;;;;;;;;;;;;;;;;;;;;;;;;;;;;;;;;
T3_A02;T3;Uppsala Basketball P10;Basketball;Q12_Athlete;Yes;positive_acceptance;;;;;;;;;;;;;;;;;;;;;;;;;;;;;;;;;;;;;;
T3_A02;T3;Uppsala Basketball P10;Basketball;Q13_Athlete;Should have descriptions;practical_system;;;;;;;;;;;;;;;;;;;;;;;;;;;;;;;;;;;;;;
T3_A03;T3;Uppsala Basketball P10;Basketball;Q1_Athlete;Motivated by questions and answering them.;motivation_reward;;;;;;;;;;;;;;;;;;;;;;;;;;;;;;;;;;;;;;
T3_A03;T3;Uppsala Basketball P10;Basketball;Q2_Athlete;Yes;positive_acceptance;;;;;;;;;;;;;;;;;;;;;;;;;;;;;;;;;;;;;;
T3_A03;T3;Uppsala Basketball P10;Basketball;Q3_Athlete;Yeah, if it's good and less tokens, I could see myself in it;motivation_reward;;;;;;;;;;;;;;;;;;;;;;;;;;;;;;;;;;;;;;
T3_A03;T3;Uppsala Basketball P10;Basketball;Q4_Athlete;yeah, maybe some shoes, shorts;equipment_preference;;;;;;;;;;;;;;;;;;;;;;;;;;;;;;;;;;;;;;
T3_A03;T3;Uppsala Basketball P10;Basketball;Q5_Athlete;t-shirts;equipment_preference;;;;;;;;;;;;;;;;;;;;;;;;;;;;;;;;;;;;;;
T3_A03;T3;Uppsala Basketball P10;Basketball;Q6_Athlete;app;"app_preference; face_to_face_preference";;;;;;;;;;;;;;;;;;;;;;;;;;;;;;;;;;;;;;
T3_A03;T3;Uppsala Basketball P10;Basketball;Q7_Athlete;If I get traded, I am happy;"fairness_reciprocity; social_comfort_broad; trust_safety";;;;;;;;;;;;;;;;;;;;;;;;;;;;;;;;;;;;;;
T3_A03;T3;Uppsala Basketball P10;Basketball;Q8_Athlete;I would be fine;"social_comfort_broad; trust_safety";;;;;;;;;;;;;;;;;;;;;;;;;;;;;;;;;;;;;;
T3_A03;T3;Uppsala Basketball P10;Basketball;Q9_Athlete;I would feel it is unnecessary because it is not coming back;positive_acceptance;;;;;;;;;;;;;;;;;;;;;;;;;;;;;;;;;;;;;;
T3_A03;T3;Uppsala Basketball P10;Basketball;Q10_Athlete;I give away my shoes;positive_circulation_response;;;;;;;;;;;;;;;;;;;;;;;;;;;;;;;;;;;;;;
T3_A03;T3;Uppsala Basketball P10;Basketball;Q11_Athlete;I don't know;skeptical_response;;;;;;;;;;;;;;;;;;;;;;;;;;;;;;;;;;;;;;
T3_A03;T3;Uppsala Basketball P10;Basketball;Q12_Athlete;Yeah, then they could get utilized by this;"cost_access_barrier; inclusion_retention";;;;;;;;;;;;;;;;;;;;;;;;;;;;;;;;;;;;;;
T3_A03;T3;Uppsala Basketball P10;Basketball;Q13_Athlete;Yeah, I agree;practical_system;;;;;;;;;;;;;;;;;;;;;;;;;;;;;;;;;;;;;;
T3_A04;T3;Uppsala Basketball P10;Basketball;Q1_Athlete;I feel that if you get stuff, you will come up to practice;positive_acceptance;;;;;;;;;;;;;;;;;;;;;;;;;;;;;;;;;;;;;;
T3_A04;T3;Uppsala Basketball P10;Basketball;Q2_Athlete;Yes;positive_acceptance;;;;;;;;;;;;;;;;;;;;;;;;;;;;;;;;;;;;;;
T3_A04;T3;Uppsala Basketball P10;Basketball;Q3_Athlete;Yes, if it is of good quality;hygiene_quality_concern;;;;;;;;;;;;;;;;;;;;;;;;;;;;;;;;;;;;;;
T3_A04;T3;Uppsala Basketball P10;Basketball;Q4_Athlete;backpacks;equipment_preference;;;;;;;;;;;;;;;;;;;;;;;;;;;;;;;;;;;;;;
T3_A04;T3;Uppsala Basketball P10;Basketball;Q5_Athlete;t-shirts and shoes;equipment_preference;;;;;;;;;;;;;;;;;;;;;;;;;;;;;;;;;;;;;;
T3_A04;T3;Uppsala Basketball P10;Basketball;Q6_Athlete;practice;"app_preference; face_to_face_preference";;;;;;;;;;;;;;;;;;;;;;;;;;;;;;;;;;;;;;
T3_A04;T3;Uppsala Basketball P10;Basketball;Q7_Athlete;Yeah, it will feel different, more like if you just give it for a good cause rather than tokens;"motivation_reward; community_support";;;;;;;;;;;;;;;;;;;;;;;;;;;;;;;;;;;;;;
T3_A04;T3;Uppsala Basketball P10;Basketball;Q8_Athlete;It would be fine if I saw him and exchanged;"social_comfort_broad; trust_safety";;;;;;;;;;;;;;;;;;;;;;;;;;;;;;;;;;;;;;
T3_A04;T3;Uppsala Basketball P10;Basketball;Q9_Athlete;Yeah, I feel the same. It is unnecessary, this app, if no one uses it;practical_system;;;;;;;;;;;;;;;;;;;;;;;;;;;;;;;;;;;;;;
T3_A04;T3;Uppsala Basketball P10;Basketball;Q10_Athlete;No, I have not;negative_response;;;;;;;;;;;;;;;;;;;;;;;;;;;;;;;;;;;;;;
T3_A04;T3;Uppsala Basketball P10;Basketball;Q11_Athlete;I don't know;skeptical_response;;;;;;;;;;;;;;;;;;;;;;;;;;;;;;;;;;;;;;
T3_A04;T3;Uppsala Basketball P10;Basketball;Q12_Athlete;Of course, people who don't want to have it in the first place, this would help;"community_support; positive_acceptance";;;;;;;;;;;;;;;;;;;;;;;;;;;;;;;;;;;;;;
T3_A04;T3;Uppsala Basketball P10;Basketball;Q13_Athlete;Yeah, I feel the same, make sure it is safe, to trust it.;"practical_system; trust_safety";;;;;;;;;;;;;;;;;;;;;;;;;;;;;;;;;;;;;;
T3_A05;T3;Uppsala Basketball P10;Basketball;Q1_Athlete;I agree as well.;positive_acceptance;;;;;;;;;;;;;;;;;;;;;;;;;;;;;;;;;;;;;;
T3_A05;T3;Uppsala Basketball P10;Basketball;Q2_Athlete;Yes;positive_acceptance;;;;;;;;;;;;;;;;;;;;;;;;;;;;;;;;;;;;;;
T3_A05;T3;Uppsala Basketball P10;Basketball;Q3_Athlete;Yes;positive_acceptance;;;;;;;;;;;;;;;;;;;;;;;;;;;;;;;;;;;;;;
T3_A05;T3;Uppsala Basketball P10;Basketball;Q4_Athlete;shoes and backpacks too;equipment_preference;;;;;;;;;;;;;;;;;;;;;;;;;;;;;;;;;;;;;;
T3_A05;T3;Uppsala Basketball P10;Basketball;Q5_Athlete;shoes;equipment_preference;;;;;;;;;;;;;;;;;;;;;;;;;;;;;;;;;;;;;;
T3_A05;T3;Uppsala Basketball P10;Basketball;Q6_Athlete;app or practice;"app_preference; face_to_face_preference";;;;;;;;;;;;;;;;;;;;;;;;;;;;;;;;;;;;;;
T3_A05;T3;Uppsala Basketball P10;Basketball;Q7_Athlete;Yeah, I agree it feels different than giving away normally;"fairness_reciprocity; social_comfort_broad; trust_safety";;;;;;;;;;;;;;;;;;;;;;;;;;;;;;;;;;;;;;
T3_A05;T3;Uppsala Basketball P10;Basketball;Q8_Athlete;I would be fine with both, but prefer my own team;"social_comfort_broad; trust_safety";;;;;;;;;;;;;;;;;;;;;;;;;;;;;;;;;;;;;;
T3_A05;T3;Uppsala Basketball P10;Basketball;Q9_Athlete;Yeah, I agree with them;"fairness_reciprocity; community_support";;;;;;;;;;;;;;;;;;;;;;;;;;;;;;;;;;;;;;
T3_A05;T3;Uppsala Basketball P10;Basketball;Q10_Athlete;I have sold stuff to the other teammates;positive_circulation_response;;;;;;;;;;;;;;;;;;;;;;;;;;;;;;;;;;;;;;
T3_A05;T3;Uppsala Basketball P10;Basketball;Q11_Athlete;No;negative_response;;;;;;;;;;;;;;;;;;;;;;;;;;;;;;;;;;;;;;
T3_A05;T3;Uppsala Basketball P10;Basketball;Q12_Athlete;Yeah, it would help.;community_support;;;;;;;;;;;;;;;;;;;;;;;;;;;;;;;;;;;;;;
T3_A05;T3;Uppsala Basketball P10;Basketball;Q13_Athlete;Scam-free;"practical_system; scam_risk; trust_safety";;;;;;;;;;;;;;;;;;;;;;;;;;;;;;;;;;;;;;
T4_A01;T4;IF VP;Football;Q1_Athlete;I think it is a great idea, I have not tried it, it is new thinking, not done before. Yeah, it is good.;positive_acceptance;;;;;;;;;;;;;;;;;;;;;;;;;;;;;;;;;;;;;;
T4_A01;T4;IF VP;Football;Q2_Athlete;I don't know, I think it could be different person to person, if you don't have money, I will think it's a great motivation;"motivation_reward; cost_access_barrier; skeptical_response";;;;;;;;;;;;;;;;;;;;;;;;;;;;;;;;;;;;;;
T4_A01;T4;IF VP;Football;Q3_Athlete;I would be comfortable. I usually share my things, it's good not to throw them away just because they are used.;"positive_acceptance; community_support";;;;;;;;;;;;;;;;;;;;;;;;;;;;;;;;;;;;;;
T4_A01;T4;IF VP;Football;Q4_Athlete;new shinpads, gloves, and giving away jackets;"equipment_preference; community_support";;;;;;;;;;;;;;;;;;;;;;;;;;;;;;;;;;;;;;
T4_A01;T4;IF VP;Football;Q5_Athlete;new shinpads, gloves, and giving away jackets;"equipment_preference; community_support";;;;;;;;;;;;;;;;;;;;;;;;;;;;;;;;;;;;;;
T4_A01;T4;IF VP;Football;Q6_Athlete;The app is nice, it would be complicated with delivery, easier in trainings;app_preference;;;;;;;;;;;;;;;;;;;;;;;;;;;;;;;;;;;;;;
T4_A01;T4;IF VP;Football;Q7_Athlete;no;negative_response;;;;;;;;;;;;;;;;;;;;;;;;;;;;;;;;;;;;;;
T4_A01;T4;IF VP;Football;Q8_Athlete;good with both, more with team;"social_comfort_broad; trust_safety";;;;;;;;;;;;;;;;;;;;;;;;;;;;;;;;;;;;;;
T4_A01;T4;IF VP;Football;Q9_Athlete;i would not care, because we really do not know, if they have something to give back to the community;fairness_reciprocity;;;;;;;;;;;;;;;;;;;;;;;;;;;;;;;;;;;;;;
T4_A01;T4;IF VP;Football;Q10_Athlete;Yes, I have, both sell and given away to cousins and family;positive_circulation_response;;;;;;;;;;;;;;;;;;;;;;;;;;;;;;;;;;;;;;
T4_A01;T4;IF VP;Football;Q11_Athlete;No, not in football, because it is cheap, maybe in hockey;"cost_access_barrier; no_inclusion_retention";;;;;;;;;;;;;;;;;;;;;;;;;;;;;;;;;;;;;;
T4_A01;T4;IF VP;Football;Q12_Athlete;yes;positive_acceptance;;;;;;;;;;;;;;;;;;;;;;;;;;;;;;;;;;;;;;
T4_A01;T4;IF VP;Football;Q13_Athlete;I think it will work, good paying system, app should be well-made, programmed, and not lag;"practical_system; app_preference";;;;;;;;;;;;;;;;;;;;;;;;;;;;;;;;;;;;;;
T4_A02;T4;IF VP;Football;Q1_Athlete;Well, it is a very good system. It is very good thinking.;positive_acceptance;;;;;;;;;;;;;;;;;;;;;;;;;;;;;;;;;;;;;;
T4_A02;T4;IF VP;Football;Q2_Athlete;Very great motivation, because maybe you don't always have money to get the things;"motivation_reward; cost_access_barrier";;;;;;;;;;;;;;;;;;;;;;;;;;;;;;;;;;;;;;
T4_A02;T4;IF VP;Football;Q3_Athlete;Yes, it depends on what product it is. If it is clothes, I don't know, but I will be willing to give them away.;"equipment_preference; skeptical_response; social_comfort_broad; trust_safety";;;;;;;;;;;;;;;;;;;;;;;;;;;;;;;;;;;;;;
T4_A02;T4;IF VP;Football;Q4_Athlete;giving away whatever I don't need at home;equipment_preference;;;;;;;;;;;;;;;;;;;;;;;;;;;;;;;;;;;;;;
T4_A02;T4;IF VP;Football;Q5_Athlete;giving away whatever I don't need at home;"hygiene_quality_concern; equipment_preference";;;;;;;;;;;;;;;;;;;;;;;;;;;;;;;;;;;;;;
T4_A02;T4;IF VP;Football;Q6_Athlete;person I don't know - use app, I know - training;"app_preference; face_to_face_preference";;;;;;;;;;;;;;;;;;;;;;;;;;;;;;;;;;;;;;
T4_A02;T4;IF VP;Football;Q7_Athlete;Well, yes, because if I get it through the app i get tokens, face-to-face, I get real money, and i have more things I could buy;"motivation_reward; cost_access_barrier; app_preference";;;;;;;;;;;;;;;;;;;;;;;;;;;;;;;;;;;;;;
T4_A02;T4;IF VP;Football;Q8_Athlete;it depends, people my age are okay, else less comfortable;"social_comfort_broad; trust_safety";;;;;;;;;;;;;;;;;;;;;;;;;;;;;;;;;;;;;;
T4_A02;T4;IF VP;Football;Q9_Athlete;as long as I get tokens, I would not care;motivation_reward;;;;;;;;;;;;;;;;;;;;;;;;;;;;;;;;;;;;;;
T4_A02;T4;IF VP;Football;Q10_Athlete;yes to family, like used boots through the platform and got money;positive_circulation_response;;;;;;;;;;;;;;;;;;;;;;;;;;;;;;;;;;;;;;
T4_A02;T4;IF VP;Football;Q11_Athlete;not really here in Uppsala, but I have seen on social media;"cost_access_barrier;no_inclusion_retention";;;;;;;;;;;;;;;;;;;;;;;;;;;;;;;;;;;;;;
T4_A02;T4;IF VP;Football;Q12_Athlete;Yes, I think so, it is good that you answer questions and get tokens and buy things, instead of buying with real money;"motivation_reward; cost_access_barrier";;;;;;;;;;;;;;;;;;;;;;;;;;;;;;;;;;;;;;
T4_A02;T4;IF VP;Football;Q13_Athlete;Well, I think it is very good;practical_system;;;;;;;;;;;;;;;;;;;;;;;;;;;;;;;;;;;;;;
T4_A03;T4;IF VP;Football;Q1_Athlete;It is a great system, where you can get shinpads, shoes, etc. Easy money.;"cost_access_barrier; practical_system";;;;;;;;;;;;;;;;;;;;;;;;;;;;;;;;;;;;;;
T4_A03;T4;IF VP;Football;Q2_Athlete;Motivation;motivation_reward;;;;;;;;;;;;;;;;;;;;;;;;;;;;;;;;;;;;;;
T4_A03;T4;IF VP;Football;Q3_Athlete;I will be giving away, but getting it would not be like that.;"social_comfort_team; positive_circulation_response; trust_safety; community_support";;;;;;;;;;;;;;;;;;;;;;;;;;;;;;;;;;;;;;
T4_A03;T4;IF VP;Football;Q4_Athlete;boots, shirts, and everything that I don't need will be given away;equipment_preference;;;;;;;;;;;;;;;;;;;;;;;;;;;;;;;;;;;;;;
T4_A03;T4;IF VP;Football;Q5_Athlete;boots, shirts, and everything that I don't need will be given away;equipment_preference;;;;;;;;;;;;;;;;;;;;;;;;;;;;;;;;;;;;;;
T4_A03;T4;IF VP;Football;Q6_Athlete;face to face will be better, far away is app;face_to_face_preference;;;;;;;;;;;;;;;;;;;;;;;;;;;;;;;;;;;;;;
T4_A03;T4;IF VP;Football;Q7_Athlete;i would not care;negative_response;;;;;;;;;;;;;;;;;;;;;;;;;;;;;;;;;;;;;;
T4_A03;T4;IF VP;Football;Q8_Athlete;i would not care;"social_comfort_broad; trust_safety";;;;;;;;;;;;;;;;;;;;;;;;;;;;;;;;;;;;;;
T4_A03;T4;IF VP;Football;Q9_Athlete;if they don't, it does not matter;fairness_reciprocity;;;;;;;;;;;;;;;;;;;;;;;;;;;;;;;;;;;;;;
T4_A03;T4;IF VP;Football;Q10_Athlete;with family, yes, not with strangers and platforms;positive_circulation_response;;;;;;;;;;;;;;;;;;;;;;;;;;;;;;;;;;;;;;
T4_A03;T4;IF VP;Football;Q11_Athlete;not in my life;negative_response;;;;;;;;;;;;;;;;;;;;;;;;;;;;;;;;;;;;;;
T4_A03;T4;IF VP;Football;Q12_Athlete;Yeah;positive_acceptance;;;;;;;;;;;;;;;;;;;;;;;;;;;;;;;;;;;;;;
T4_A03;T4;IF VP;Football;Q13_Athlete;Yes, I think it would, maybe the app lags and scams;"practical_system; scam_risk; trust_safety";;;;;;;;;;;;;;;;;;;;;;;;;;;;;;;;;;;;;;
T4_A04;T4;IF VP;Football;Q1_Athlete;Great system yeah;positive_acceptance;;;;;;;;;;;;;;;;;;;;;;;;;;;;;;;;;;;;;;
T4_A04;T4;IF VP;Football;Q2_Athlete;Yes motivation;motivation_reward;;;;;;;;;;;;;;;;;;;;;;;;;;;;;;;;;;;;;;
T4_A04;T4;IF VP;Football;Q3_Athlete;Comfortable giving away and getting, coz some don't have money for new, I would be willing;cost_access_barrier;;;;;;;;;;;;;;;;;;;;;;;;;;;;;;;;;;;;;;
T4_A04;T4;IF VP;Football;Q4_Athlete;boots and gloves, and give away all;"positive_circulation_response; equipment_preference";;;;;;;;;;;;;;;;;;;;;;;;;;;;;;;;;;;;;;
T4_A04;T4;IF VP;Football;Q5_Athlete;boots and gloves, and give away all;"positive_circulation_response; equipment_preference";;;;;;;;;;;;;;;;;;;;;;;;;;;;;;;;;;;;;;
T4_A04;T4;IF VP;Football;Q6_Athlete;Face to face will be better;face_to_face_preference;;;;;;;;;;;;;;;;;;;;;;;;;;;;;;;;;;;;;;
T4_A04;T4;IF VP;Football;Q7_Athlete;i would not care;"social_comfort_broad; trust_safety";;;;;;;;;;;;;;;;;;;;;;;;;;;;;;;;;;;;;;
T4_A04;T4;IF VP;Football;Q8_Athlete;i would not care;"social_comfort_broad; trust_safety";;;;;;;;;;;;;;;;;;;;;;;;;;;;;;;;;;;;;;
T4_A04;T4;IF VP;Football;Q9_Athlete;It does not matter;fairness_reciprocity;;;;;;;;;;;;;;;;;;;;;;;;;;;;;;;;;;;;;;
T4_A04;T4;IF VP;Football;Q10_Athlete;no;negative_response;;;;;;;;;;;;;;;;;;;;;;;;;;;;;;;;;;;;;;
T4_A04;T4;IF VP;Football;Q11_Athlete;not in my life;negative_response;;;;;;;;;;;;;;;;;;;;;;;;;;;;;;;;;;;;;;
T4_A04;T4;IF VP;Football;Q12_Athlete;Yes;positive_acceptance;;;;;;;;;;;;;;;;;;;;;;;;;;;;;;;;;;;;;;
T4_A04;T4;IF VP;Football;Q13_Athlete;Scams and lags;"practical_system; scam_risk; trust_safety";;;;;;;;;;;;;;;;;;;;;;;;;;;;;;;;;;;;;;
T4_A05;T4;IF VP;Football;Q1_Athlete;I would say the same, great system.;positive_acceptance;;;;;;;;;;;;;;;;;;;;;;;;;;;;;;;;;;;;;;
T4_A05;T4;IF VP;Football;Q2_Athlete;It kind of motivates me. If you give me some things for coins, it makes me do more;motivation_reward;;;;;;;;;;;;;;;;;;;;;;;;;;;;;;;;;;;;;;
T4_A05;T4;IF VP;Football;Q3_Athlete;sharing is caring, I would like to give my stuffs;"social_comfort_team; positive_circulation_response; trust_safety";;;;;;;;;;;;;;;;;;;;;;;;;;;;;;;;;;;;;;
T4_A05;T4;IF VP;Football;Q4_Athlete;boots, gloves, and shin pads, and give away anything, because some people need it;"positive_circulation_response; equipment_preference";;;;;;;;;;;;;;;;;;;;;;;;;;;;;;;;;;;;;;
T4_A05;T4;IF VP;Football;Q5_Athlete;boots, gloves, and shin pads, and give away anything, because some people need it;"positive_circulation_response; equipment_preference";;;;;;;;;;;;;;;;;;;;;;;;;;;;;;;;;;;;;;
T4_A05;T4;IF VP;Football;Q6_Athlete;I mean, in training is best;"app_preference; face_to_face_preference";;;;;;;;;;;;;;;;;;;;;;;;;;;;;;;;;;;;;;
T4_A05;T4;IF VP;Football;Q7_Athlete;i would not care;"social_comfort_broad; trust_safety";;;;;;;;;;;;;;;;;;;;;;;;;;;;;;;;;;;;;;
T4_A05;T4;IF VP;Football;Q8_Athlete;i feel comfortable with my team;"social_comfort_team; positive_acceptance; trust_safety";;;;;;;;;;;;;;;;;;;;;;;;;;;;;;;;;;;;;;
T4_A05;T4;IF VP;Football;Q9_Athlete;It does not matter;fairness_reciprocity;;;;;;;;;;;;;;;;;;;;;;;;;;;;;;;;;;;;;;
T4_A05;T4;IF VP;Football;Q10_Athlete;I give away to people I know, like friends, like shoes in smaller sizes of mine;"positive_circulation_response; community_support";;;;;;;;;;;;;;;;;;;;;;;;;;;;;;;;;;;;;;
T4_A05;T4;IF VP;Football;Q11_Athlete;Yes, I used to know them, one of my friends;"social_comfort_team; trust_safety";;;;;;;;;;;;;;;;;;;;;;;;;;;;;;;;;;;;;;
T4_A05;T4;IF VP;Football;Q12_Athlete;it will make them more part of the team;"cost_access_barrier; inclusion_retention";;;;;;;;;;;;;;;;;;;;;;;;;;;;;;;;;;;;;;
T4_A05;T4;IF VP;Football;Q13_Athlete;Scams;"practical_system; scam_risk; trust_safety";;;;;;;;;;;;;;;;;;;;;;;;;;;;;;;;;;;;;;
T4_A06;T4;IF VP;Football;Q1_Athlete;It is good, you get equipment just by answering the questions.;app_preference;;;;;;;;;;;;;;;;;;;;;;;;;;;;;;;;;;;;;;
T4_A06;T4;IF VP;Football;Q2_Athlete;I don't know if it's good for me, but for kids who cannot afford more can get use of this;cost_access_barrier;;;;;;;;;;;;;;;;;;;;;;;;;;;;;;;;;;;;;;
T4_A06;T4;IF VP;Football;Q3_Athlete;Yes, of course;positive_acceptance;;;;;;;;;;;;;;;;;;;;;;;;;;;;;;;;;;;;;;
T4_A06;T4;IF VP;Football;Q4_Athlete;shinpad, jerseys, and give away anything;"positive_circulation_response; community_support";;;;;;;;;;;;;;;;;;;;;;;;;;;;;;;;;;;;;;
T4_A06;T4;IF VP;Football;Q5_Athlete;shinpad, jerseys, and give away anything;"positive_circulation_response; community_support";;;;;;;;;;;;;;;;;;;;;;;;;;;;;;;;;;;;;;
T4_A06;T4;IF VP;Football;Q6_Athlete;for me, it's anywhere;"app_preference; face_to_face_preference";;;;;;;;;;;;;;;;;;;;;;;;;;;;;;;;;;;;;;
T4_A06;T4;IF VP;Football;Q7_Athlete;i would not care;"social_comfort_broad; trust_safety";;;;;;;;;;;;;;;;;;;;;;;;;;;;;;;;;;;;;;
T4_A06;T4;IF VP;Football;Q8_Athlete;anyone;"social_comfort_broad; trust_safety";;;;;;;;;;;;;;;;;;;;;;;;;;;;;;;;;;;;;;
T4_A06;T4;IF VP;Football;Q9_Athlete;I'm just happy to contribute to the system, that's it;fairness_reciprocity;;;;;;;;;;;;;;;;;;;;;;;;;;;;;;;;;;;;;;
T4_A06;T4;IF VP;Football;Q10_Athlete;Sometimes I buy and give away;positive_circulation_response;;;;;;;;;;;;;;;;;;;;;;;;;;;;;;;;;;;;;;
T4_A06;T4;IF VP;Football;Q11_Athlete;no;negative_response;;;;;;;;;;;;;;;;;;;;;;;;;;;;;;;;;;;;;;
T4_A06;T4;IF VP;Football;Q12_Athlete;to some extent;"cost_access_barrier; inclusion_retention";;;;;;;;;;;;;;;;;;;;;;;;;;;;;;;;;;;;;;
T4_A06;T4;IF VP;Football;Q13_Athlete;It's gonna work possibly as it is;practical_system;;;;;;;;;;;;;;;;;;;;;;;;;;;;;;;;;;;;;;
T4_A07;T4;IF VP;Football;Q1_Athlete;It is good, especially for people who don't have a lot of money;"cost_access_barrier; app_preference";;;;;;;;;;;;;;;;;;;;;;;;;;;;;;;;;;;;;;
T4_A07;T4;IF VP;Football;Q2_Athlete;I also think it's pretty good for people who do not have a lot of money. I might use it if I don't have a lot of money;cost_access_barrier;;;;;;;;;;;;;;;;;;;;;;;;;;;;;;;;;;;;;;
T4_A07;T4;IF VP;Football;Q3_Athlete;Of course;positive_acceptance;;;;;;;;;;;;;;;;;;;;;;;;;;;;;;;;;;;;;;
T4_A07;T4;IF VP;Football;Q4_Athlete;jackets;equipment_preference;;;;;;;;;;;;;;;;;;;;;;;;;;;;;;;;;;;;;;
T4_A07;T4;IF VP;Football;Q5_Athlete;jackets;"hygiene_quality_concern; equipment_preference";;;;;;;;;;;;;;;;;;;;;;;;;;;;;;;;;;;;;;
T4_A07;T4;IF VP;Football;Q6_Athlete;Anywhere;"app_preference; face_to_face_preference";;;;;;;;;;;;;;;;;;;;;;;;;;;;;;;;;;;;;;
T4_A07;T4;IF VP;Football;Q7_Athlete;i would not care;"social_comfort_broad; trust_safety";;;;;;;;;;;;;;;;;;;;;;;;;;;;;;;;;;;;;;
T4_A07;T4;IF VP;Football;Q8_Athlete;anyone;"social_comfort_broad; trust_safety";;;;;;;;;;;;;;;;;;;;;;;;;;;;;;;;;;;;;;
T4_A07;T4;IF VP;Football;Q9_Athlete;It does not matter;fairness_reciprocity;;;;;;;;;;;;;;;;;;;;;;;;;;;;;;;;;;;;;;
T4_A07;T4;IF VP;Football;Q10_Athlete;sometimes I buy and give away;positive_circulation_response;;;;;;;;;;;;;;;;;;;;;;;;;;;;;;;;;;;;;;
T4_A07;T4;IF VP;Football;Q11_Athlete;I heard but not seen;cost_access_barrier;;;;;;;;;;;;;;;;;;;;;;;;;;;;;;;;;;;;;;
T4_A07;T4;IF VP;Football;Q12_Athlete;yes, ofcourse;"cost_access_barrier; inclusion_retention";;;;;;;;;;;;;;;;;;;;;;;;;;;;;;;;;;;;;;
T4_A07;T4;IF VP;Football;Q13_Athlete;It would go well in our team;practical_system;;;;;;;;;;;;;;;;;;;;;;;;;;;;;;;;;;;;;;
T5_A01;T5;Uppsala IF U15;Football;Q1_Athlete;That's a great idea, I like it;positive_acceptance;;;;;;;;;;;;;;;;;;;;;;;;;;;;;;;;;;;;;;
T5_A01;T5;Uppsala IF U15;Football;Q2_Athlete;It feels like a reward;motivation_reward;;;;;;;;;;;;;;;;;;;;;;;;;;;;;;;;;;;;;;
T5_A01;T5;Uppsala IF U15;Football;Q3_Athlete;Yeah I would probably yes;"social_comfort_team; positive_circulation_response; trust_safety";;;;;;;;;;;;;;;;;;;;;;;;;;;;;;;;;;;;;;
T5_A01;T5;Uppsala IF U15;Football;Q4_Athlete;Shoes and shinpad, maybe shorts;equipment_preference;;;;;;;;;;;;;;;;;;;;;;;;;;;;;;;;;;;;;;
T5_A01;T5;Uppsala IF U15;Football;Q5_Athlete;Shoes maybe;equipment_preference;;;;;;;;;;;;;;;;;;;;;;;;;;;;;;;;;;;;;;
T5_A01;T5;Uppsala IF U15;Football;Q6_Athlete;Probably the app;"app_preference; face_to_face_preference";;;;;;;;;;;;;;;;;;;;;;;;;;;;;;;;;;;;;;
T5_A01;T5;Uppsala IF U15;Football;Q7_Athlete;Yeah it feels different, it is like getting a reward;motivation_reward;;;;;;;;;;;;;;;;;;;;;;;;;;;;;;;;;;;;;;
T5_A01;T5;Uppsala IF U15;Football;Q8_Athlete;I would be comfortable with other teams too;"social_comfort_broad; positive_acceptance; trust_safety";;;;;;;;;;;;;;;;;;;;;;;;;;;;;;;;;;;;;;
T5_A01;T5;Uppsala IF U15;Football;Q9_Athlete;It does not really matter for me;"fairness_reciprocity; community_support";;;;;;;;;;;;;;;;;;;;;;;;;;;;;;;;;;;;;;
T5_A01;T5;Uppsala IF U15;Football;Q10_Athlete;You can go to blanket, and giveaway, i did not received;positive_circulation_response;;;;;;;;;;;;;;;;;;;;;;;;;;;;;;;;;;;;;;
T5_A01;T5;Uppsala IF U15;Football;Q11_Athlete;I have not met anyone, but i think it is hard to start into sports if you dont have equipments because of money;cost_access_barrier;;;;;;;;;;;;;;;;;;;;;;;;;;;;;;;;;;;;;;
T5_A01;T5;Uppsala IF U15;Football;Q12_Athlete;Yeah probably help them stay and get stuff;"inclusion_retention; community_support";;;;;;;;;;;;;;;;;;;;;;;;;;;;;;;;;;;;;;
T5_A01;T5;Uppsala IF U15;Football;Q13_Athlete;I think it would work;practical_system;;;;;;;;;;;;;;;;;;;;;;;;;;;;;;;;;;;;;;
T5_A02;T5;Uppsala IF U15;Football;Q1_Athlete;I think its a great idea, for people who do not have much money, use this company to get things for themselves;"cost_access_barrier; positive_acceptance";;;;;;;;;;;;;;;;;;;;;;;;;;;;;;;;;;;;;;
T5_A02;T5;Uppsala IF U15;Football;Q2_Athlete;Its feels like a reward;motivation_reward;;;;;;;;;;;;;;;;;;;;;;;;;;;;;;;;;;;;;;
T5_A02;T5;Uppsala IF U15;Football;Q3_Athlete;Yes I would;"social_comfort_team; positive_circulation_response; trust_safety";;;;;;;;;;;;;;;;;;;;;;;;;;;;;;;;;;;;;;
T5_A02;T5;Uppsala IF U15;Football;Q4_Athlete;Goalie gloves;"motivation_reward; equipment_preference";;;;;;;;;;;;;;;;;;;;;;;;;;;;;;;;;;;;;;
T5_A02;T5;Uppsala IF U15;Football;Q5_Athlete;Yes shoes;equipment_preference;;;;;;;;;;;;;;;;;;;;;;;;;;;;;;;;;;;;;;
T5_A02;T5;Uppsala IF U15;Football;Q6_Athlete;Probably the app;"app_preference; face_to_face_preference";;;;;;;;;;;;;;;;;;;;;;;;;;;;;;;;;;;;;;
T5_A02;T5;Uppsala IF U15;Football;Q7_Athlete;Yeah, it will feel like getting a reward rather than simply getting it for money or something;"motivation_reward; cost_access_barrier";;;;;;;;;;;;;;;;;;;;;;;;;;;;;;;;;;;;;;
T5_A02;T5;Uppsala IF U15;Football;Q8_Athlete;Other teams too;"social_comfort_broad; trust_safety";;;;;;;;;;;;;;;;;;;;;;;;;;;;;;;;;;;;;;
T5_A02;T5;Uppsala IF U15;Football;Q9_Athlete;It does not matter;fairness_reciprocity;;;;;;;;;;;;;;;;;;;;;;;;;;;;;;;;;;;;;;
T5_A02;T5;Uppsala IF U15;Football;Q10_Athlete;I have given away my older shinpads to my sister;positive_circulation_response;;;;;;;;;;;;;;;;;;;;;;;;;;;;;;;;;;;;;;
T5_A02;T5;Uppsala IF U15;Football;Q11_Athlete;No I did not;negative_response;;;;;;;;;;;;;;;;;;;;;;;;;;;;;;;;;;;;;;
T5_A02;T5;Uppsala IF U15;Football;Q12_Athlete;It would help;community_support;;;;;;;;;;;;;;;;;;;;;;;;;;;;;;;;;;;;;;
T5_A02;T5;Uppsala IF U15;Football;Q13_Athlete;Yes I also think it would work;practical_system;;;;;;;;;;;;;;;;;;;;;;;;;;;;;;;;;;;;;;
T5_A03;T5;Uppsala IF U15;Football;Q1_Athlete;Nice idea;positive_acceptance;;;;;;;;;;;;;;;;;;;;;;;;;;;;;;;;;;;;;;
T5_A03;T5;Uppsala IF U15;Football;Q2_Athlete;It feels like a reward and also motivation;motivation_reward;;;;;;;;;;;;;;;;;;;;;;;;;;;;;;;;;;;;;;
T5_A03;T5;Uppsala IF U15;Football;Q3_Athlete;I would be comfortable;positive_acceptance;;;;;;;;;;;;;;;;;;;;;;;;;;;;;;;;;;;;;;
T5_A03;T5;Uppsala IF U15;Football;Q4_Athlete;Shoes and jerseys;equipment_preference;;;;;;;;;;;;;;;;;;;;;;;;;;;;;;;;;;;;;;
T5_A03;T5;Uppsala IF U15;Football;Q5_Athlete;Jerseys and shoes;equipment_preference;;;;;;;;;;;;;;;;;;;;;;;;;;;;;;;;;;;;;;
T5_A03;T5;Uppsala IF U15;Football;Q6_Athlete;Probably the app;"app_preference; face_to_face_preference";;;;;;;;;;;;;;;;;;;;;;;;;;;;;;;;;;;;;;
T5_A03;T5;Uppsala IF U15;Football;Q7_Athlete;Like a reward;motivation_reward;;;;;;;;;;;;;;;;;;;;;;;;;;;;;;;;;;;;;;
T5_A03;T5;Uppsala IF U15;Football;Q8_Athlete;Other teams also;"social_comfort_broad; trust_safety";;;;;;;;;;;;;;;;;;;;;;;;;;;;;;;;;;;;;;
T5_A03;T5;Uppsala IF U15;Football;Q9_Athlete;I would feel scammed;scam_risk;;;;;;;;;;;;;;;;;;;;;;;;;;;;;;;;;;;;;;
T5_A03;T5;Uppsala IF U15;Football;Q10_Athlete;I gave shoes;positive_circulation_response;;;;;;;;;;;;;;;;;;;;;;;;;;;;;;;;;;;;;;
T5_A03;T5;Uppsala IF U15;Football;Q11_Athlete;I have not met anyone but I have seen in social media and internet;"social_comfort_broad; trust_safety";;;;;;;;;;;;;;;;;;;;;;;;;;;;;;;;;;;;;;
T5_A03;T5;Uppsala IF U15;Football;Q12_Athlete;Absolutely it would help;community_support;;;;;;;;;;;;;;;;;;;;;;;;;;;;;;;;;;;;;;
T5_A03;T5;Uppsala IF U15;Football;Q13_Athlete;It would work;practical_system;;;;;;;;;;;;;;;;;;;;;;;;;;;;;;;;;;;;;;
T5_A04;T5;Uppsala IF U15;Football;Q1_Athlete;Very good;positive_acceptance;;;;;;;;;;;;;;;;;;;;;;;;;;;;;;;;;;;;;;
T5_A04;T5;Uppsala IF U15;Football;Q2_Athlete;Good motivation;motivation_reward;;;;;;;;;;;;;;;;;;;;;;;;;;;;;;;;;;;;;;
T5_A04;T5;Uppsala IF U15;Football;Q3_Athlete;Yes;positive_acceptance;;;;;;;;;;;;;;;;;;;;;;;;;;;;;;;;;;;;;;
T5_A04;T5;Uppsala IF U15;Football;Q4_Athlete;Shoes;equipment_preference;;;;;;;;;;;;;;;;;;;;;;;;;;;;;;;;;;;;;;
T5_A04;T5;Uppsala IF U15;Football;Q5_Athlete;Shoes;equipment_preference;;;;;;;;;;;;;;;;;;;;;;;;;;;;;;;;;;;;;;
T5_A04;T5;Uppsala IF U15;Football;Q6_Athlete;Probably the app;"app_preference; face_to_face_preference";;;;;;;;;;;;;;;;;;;;;;;;;;;;;;;;;;;;;;
T5_A04;T5;Uppsala IF U15;Football;Q7_Athlete;Like a reward;motivation_reward;;;;;;;;;;;;;;;;;;;;;;;;;;;;;;;;;;;;;;
T5_A04;T5;Uppsala IF U15;Football;Q8_Athlete;Other teams;"social_comfort_broad; trust_safety";;;;;;;;;;;;;;;;;;;;;;;;;;;;;;;;;;;;;;
T5_A04;T5;Uppsala IF U15;Football;Q9_Athlete;Scammed;scam_risk;;;;;;;;;;;;;;;;;;;;;;;;;;;;;;;;;;;;;;
T5_A04;T5;Uppsala IF U15;Football;Q10_Athlete;Backpack to my cousin;positive_circulation_response;;;;;;;;;;;;;;;;;;;;;;;;;;;;;;;;;;;;;;
T5_A04;T5;Uppsala IF U15;Football;Q11_Athlete;I have not met anyone;"social_comfort_broad; trust_safety";;;;;;;;;;;;;;;;;;;;;;;;;;;;;;;;;;;;;;
T5_A04;T5;Uppsala IF U15;Football;Q12_Athlete;It helps;community_support;;;;;;;;;;;;;;;;;;;;;;;;;;;;;;;;;;;;;;
T5_A04;T5;Uppsala IF U15;Football;Q13_Athlete;Yea it will;practical_system;;;;;;;;;;;;;;;;;;;;;;;;;;;;;;;;;;;;;;
T5_A05;T5;Uppsala IF U15;Football;Q1_Athlete;Very good idea;positive_acceptance;;;;;;;;;;;;;;;;;;;;;;;;;;;;;;;;;;;;;;
T5_A05;T5;Uppsala IF U15;Football;Q2_Athlete;It's a great system for me personally, its a reward;motivation_reward;;;;;;;;;;;;;;;;;;;;;;;;;;;;;;;;;;;;;;
T5_A05;T5;Uppsala IF U15;Football;Q3_Athlete;Yeah no problem;"social_comfort_team; positive_circulation_response; trust_safety";;;;;;;;;;;;;;;;;;;;;;;;;;;;;;;;;;;;;;
T5_A05;T5;Uppsala IF U15;Football;Q4_Athlete;Shoes;equipment_preference;;;;;;;;;;;;;;;;;;;;;;;;;;;;;;;;;;;;;;
T5_A05;T5;Uppsala IF U15;Football;Q5_Athlete;Shoes;equipment_preference;;;;;;;;;;;;;;;;;;;;;;;;;;;;;;;;;;;;;;
T5_A05;T5;Uppsala IF U15;Football;Q6_Athlete;Probably the app;"app_preference; face_to_face_preference";;;;;;;;;;;;;;;;;;;;;;;;;;;;;;;;;;;;;;
T5_A05;T5;Uppsala IF U15;Football;Q7_Athlete;Yeah it is bit different like a reward;motivation_reward;;;;;;;;;;;;;;;;;;;;;;;;;;;;;;;;;;;;;;
T5_A05;T5;Uppsala IF U15;Football;Q8_Athlete;I would be comfortable with both my team and other teammates, but maybe more with my team;"social_comfort_broad; positive_acceptance; trust_safety";;;;;;;;;;;;;;;;;;;;;;;;;;;;;;;;;;;;;;
T5_A05;T5;Uppsala IF U15;Football;Q9_Athlete;I would not feel very good I guess;fairness_reciprocity;;;;;;;;;;;;;;;;;;;;;;;;;;;;;;;;;;;;;;
T5_A05;T5;Uppsala IF U15;Football;Q10_Athlete;Shoes;positive_circulation_response;;;;;;;;;;;;;;;;;;;;;;;;;;;;;;;;;;;;;;
T5_A05;T5;Uppsala IF U15;Football;Q11_Athlete;I have not met anyone;negative_response;;;;;;;;;;;;;;;;;;;;;;;;;;;;;;;;;;;;;;
T5_A05;T5;Uppsala IF U15;Football;Q12_Athlete;Yes;positive_acceptance;;;;;;;;;;;;;;;;;;;;;;;;;;;;;;;;;;;;;;
T5_A05;T5;Uppsala IF U15;Football;Q13_Athlete;Yeah It could be good I think;practical_system;;;;;;;;;;;;;;;;;;;;;;;;;;;;;;;;;;;;;;
T5_A06;T5;Uppsala IF U15;Football;Q1_Athlete;Really good;positive_acceptance;;;;;;;;;;;;;;;;;;;;;;;;;;;;;;;;;;;;;;
T5_A06;T5;Uppsala IF U15;Football;Q2_Athlete;Reward;motivation_reward;;;;;;;;;;;;;;;;;;;;;;;;;;;;;;;;;;;;;;
T5_A06;T5;Uppsala IF U15;Football;Q3_Athlete;Sure;positive_acceptance;;;;;;;;;;;;;;;;;;;;;;;;;;;;;;;;;;;;;;
T5_A06;T5;Uppsala IF U15;Football;Q4_Athlete;Backpacks;equipment_preference;;;;;;;;;;;;;;;;;;;;;;;;;;;;;;;;;;;;;;
T5_A06;T5;Uppsala IF U15;Football;Q5_Athlete;Shoes;equipment_preference;;;;;;;;;;;;;;;;;;;;;;;;;;;;;;;;;;;;;;
T5_A06;T5;Uppsala IF U15;Football;Q6_Athlete;Probably the app;"app_preference; face_to_face_preference";;;;;;;;;;;;;;;;;;;;;;;;;;;;;;;;;;;;;;
T5_A06;T5;Uppsala IF U15;Football;Q7_Athlete;Like a reward;motivation_reward;;;;;;;;;;;;;;;;;;;;;;;;;;;;;;;;;;;;;;
T5_A06;T5;Uppsala IF U15;Football;Q8_Athlete;Same team is preferred;"social_comfort_team; trust_safety";;;;;;;;;;;;;;;;;;;;;;;;;;;;;;;;;;;;;;
T5_A06;T5;Uppsala IF U15;Football;Q9_Athlete;I would not feel good though;"fairness_reciprocity; community_support";;;;;;;;;;;;;;;;;;;;;;;;;;;;;;;;;;;;;;
T5_A06;T5;Uppsala IF U15;Football;Q10_Athlete;Shoes;positive_circulation_response;;;;;;;;;;;;;;;;;;;;;;;;;;;;;;;;;;;;;;
T5_A06;T5;Uppsala IF U15;Football;Q11_Athlete;Not anyone;"social_comfort_broad; trust_safety";;;;;;;;;;;;;;;;;;;;;;;;;;;;;;;;;;;;;;
T5_A06;T5;Uppsala IF U15;Football;Q12_Athlete;Yeah;positive_acceptance;;;;;;;;;;;;;;;;;;;;;;;;;;;;;;;;;;;;;;
T5_A06;T5;Uppsala IF U15;Football;Q13_Athlete;Yes;practical_system;;;;;;;;;;;;;;;;;;;;;;;;;;;;;;;;;;;;;;
T5_A07;T5;Uppsala IF U15;Football;Q1_Athlete;It's a smart idea;positive_acceptance;;;;;;;;;;;;;;;;;;;;;;;;;;;;;;;;;;;;;;
T5_A07;T5;Uppsala IF U15;Football;Q2_Athlete;Good reward;motivation_reward;;;;;;;;;;;;;;;;;;;;;;;;;;;;;;;;;;;;;;
T5_A07;T5;Uppsala IF U15;Football;Q3_Athlete;Most likely yeah;"social_comfort_team; positive_circulation_response; trust_safety";;;;;;;;;;;;;;;;;;;;;;;;;;;;;;;;;;;;;;
T5_A07;T5;Uppsala IF U15;Football;Q4_Athlete;Football boots and studs;equipment_preference;;;;;;;;;;;;;;;;;;;;;;;;;;;;;;;;;;;;;;
T5_A07;T5;Uppsala IF U15;Football;Q5_Athlete;Shoes;equipment_preference;;;;;;;;;;;;;;;;;;;;;;;;;;;;;;;;;;;;;;
T5_A07;T5;Uppsala IF U15;Football;Q6_Athlete;Probably the app;"app_preference; face_to_face_preference";;;;;;;;;;;;;;;;;;;;;;;;;;;;;;;;;;;;;;
T5_A07;T5;Uppsala IF U15;Football;Q7_Athlete;Yeah it is different ofcourse, it is counted as reward;motivation_reward;;;;;;;;;;;;;;;;;;;;;;;;;;;;;;;;;;;;;;
T5_A07;T5;Uppsala IF U15;Football;Q8_Athlete;For me it does not matter;"social_comfort_broad; trust_safety";;;;;;;;;;;;;;;;;;;;;;;;;;;;;;;;;;;;;;
T5_A07;T5;Uppsala IF U15;Football;Q9_Athlete;Depends on how many times it happens, If the circulation and sharing is less, it would not be good;"fairness_reciprocity; community_support";;;;;;;;;;;;;;;;;;;;;;;;;;;;;;;;;;;;;;
T5_A07;T5;Uppsala IF U15;Football;Q10_Athlete;Shinpad and shoes;positive_circulation_response;;;;;;;;;;;;;;;;;;;;;;;;;;;;;;;;;;;;;;
T5_A07;T5;Uppsala IF U15;Football;Q11_Athlete;It depends on the community you live, but as of myself I did not see anyone;"social_comfort_broad; community_support; trust_safety";;;;;;;;;;;;;;;;;;;;;;;;;;;;;;;;;;;;;;
T5_A07;T5;Uppsala IF U15;Football;Q12_Athlete;Most definitely yeah;"cost_access_barrier; inclusion_retention";;;;;;;;;;;;;;;;;;;;;;;;;;;;;;;;;;;;;;
T5_A07;T5;Uppsala IF U15;Football;Q13_Athlete;It could work yeah;practical_system;;;;;;;;;;;;;;;;;;;;;;;;;;;;;;;;;;;;;;
T6_A01;T6;Uppsala IF U16;Football;Q1_Athlete;Its good motivation to get new ones for free and also to giveaway your clothes;"motivation_reward; app_preference";;;;;;;;;;;;;;;;;;;;;;;;;;;;;;;;;;;;;;
T6_A01;T6;Uppsala IF U16;Football;Q2_Athlete;Yes absolutely;motivation_reward;;;;;;;;;;;;;;;;;;;;;;;;;;;;;;;;;;;;;;
T6_A01;T6;Uppsala IF U16;Football;Q3_Athlete;Yeah why not;"social_comfort_team; positive_circulation_response; trust_safety";;;;;;;;;;;;;;;;;;;;;;;;;;;;;;;;;;;;;;
T6_A01;T6;Uppsala IF U16;Football;Q4_Athlete;Shirts;equipment_preference;;;;;;;;;;;;;;;;;;;;;;;;;;;;;;;;;;;;;;
T6_A01;T6;Uppsala IF U16;Football;Q5_Athlete;Shirts;"hygiene_quality_concern; equipment_preference";;;;;;;;;;;;;;;;;;;;;;;;;;;;;;;;;;;;;;
T6_A01;T6;Uppsala IF U16;Football;Q6_Athlete;I think I use this exchange at training;face_to_face_preference;;;;;;;;;;;;;;;;;;;;;;;;;;;;;;;;;;;;;;
T6_A01;T6;Uppsala IF U16;Football;Q7_Athlete;Yeah it would be different;"fairness_reciprocity; social_comfort_broad; trust_safety";;;;;;;;;;;;;;;;;;;;;;;;;;;;;;;;;;;;;;
T6_A01;T6;Uppsala IF U16;Football;Q8_Athlete;I would be comfortable with both my team and other teammates;"social_comfort_broad; positive_acceptance; trust_safety";;;;;;;;;;;;;;;;;;;;;;;;;;;;;;;;;;;;;;
T6_A01;T6;Uppsala IF U16;Football;Q9_Athlete;I would feel bad;"fairness_reciprocity; community_support";;;;;;;;;;;;;;;;;;;;;;;;;;;;;;;;;;;;;;
T6_A01;T6;Uppsala IF U16;Football;Q10_Athlete;I bought shorts;positive_circulation_response;;;;;;;;;;;;;;;;;;;;;;;;;;;;;;;;;;;;;;
T6_A01;T6;Uppsala IF U16;Football;Q11_Athlete;Yeah i heard someone here across rinkeby, sweden. When I played there.;"cost_access_barrier; no_inclusion_retention";;;;;;;;;;;;;;;;;;;;;;;;;;;;;;;;;;;;;;
T6_A01;T6;Uppsala IF U16;Football;Q12_Athlete;It would help very much;community_support;;;;;;;;;;;;;;;;;;;;;;;;;;;;;;;;;;;;;;
T6_A01;T6;Uppsala IF U16;Football;Q13_Athlete;I think it is good now;practical_system;;;;;;;;;;;;;;;;;;;;;;;;;;;;;;;;;;;;;;
T6_A02;T6;Uppsala IF U16;Football;Q1_Athlete;It motivates me;motivation_reward;;;;;;;;;;;;;;;;;;;;;;;;;;;;;;;;;;;;;;
T6_A02;T6;Uppsala IF U16;Football;Q2_Athlete;Yeah;positive_acceptance;;;;;;;;;;;;;;;;;;;;;;;;;;;;;;;;;;;;;;
T6_A02;T6;Uppsala IF U16;Football;Q3_Athlete;Yeah I feel comfortable;"social_comfort_team; positive_circulation_response; trust_safety";;;;;;;;;;;;;;;;;;;;;;;;;;;;;;;;;;;;;;
T6_A02;T6;Uppsala IF U16;Football;Q4_Athlete;Shirts;equipment_preference;;;;;;;;;;;;;;;;;;;;;;;;;;;;;;;;;;;;;;
T6_A02;T6;Uppsala IF U16;Football;Q5_Athlete;Shirts;"hygiene_quality_concern; equipment_preference";;;;;;;;;;;;;;;;;;;;;;;;;;;;;;;;;;;;;;
T6_A02;T6;Uppsala IF U16;Football;Q6_Athlete;Through the app;app_preference;;;;;;;;;;;;;;;;;;;;;;;;;;;;;;;;;;;;;;
T6_A02;T6;Uppsala IF U16;Football;Q7_Athlete;Yeah it would feel differnet;"fairness_reciprocity; social_comfort_broad; trust_safety";;;;;;;;;;;;;;;;;;;;;;;;;;;;;;;;;;;;;;
T6_A02;T6;Uppsala IF U16;Football;Q8_Athlete;I would be comfortable with same team;"social_comfort_team; positive_acceptance; trust_safety";;;;;;;;;;;;;;;;;;;;;;;;;;;;;;;;;;;;;;
T6_A02;T6;Uppsala IF U16;Football;Q9_Athlete;I would not feel good;"fairness_reciprocity; community_support";;;;;;;;;;;;;;;;;;;;;;;;;;;;;;;;;;;;;;
T6_A02;T6;Uppsala IF U16;Football;Q10_Athlete;I bought shorts too;positive_circulation_response;;;;;;;;;;;;;;;;;;;;;;;;;;;;;;;;;;;;;;
T6_A02;T6;Uppsala IF U16;Football;Q11_Athlete;I heard no one;negative_response;;;;;;;;;;;;;;;;;;;;;;;;;;;;;;;;;;;;;;
T6_A02;T6;Uppsala IF U16;Football;Q12_Athlete;It would help;community_support;;;;;;;;;;;;;;;;;;;;;;;;;;;;;;;;;;;;;;
T6_A02;T6;Uppsala IF U16;Football;Q13_Athlete;Yeah it would work;practical_system;;;;;;;;;;;;;;;;;;;;;;;;;;;;;;;;;;;;;;
T6_A03;T6;Uppsala IF U16;Football;Q1_Athlete;It motivates me ;motivation_reward;;;;;;;;;;;;;;;;;;;;;;;;;;;;;;;;;;;;;;
T6_A03;T6;Uppsala IF U16;Football;Q2_Athlete;Yeah it does;motivation_reward;;;;;;;;;;;;;;;;;;;;;;;;;;;;;;;;;;;;;;
T6_A03;T6;Uppsala IF U16;Football;Q3_Athlete;Yeah it would be more than okay;"social_comfort_team; positive_circulation_response; trust_safety";;;;;;;;;;;;;;;;;;;;;;;;;;;;;;;;;;;;;;
T6_A03;T6;Uppsala IF U16;Football;Q4_Athlete;Tee shirts;"hygiene_quality_concern; equipment_preference";;;;;;;;;;;;;;;;;;;;;;;;;;;;;;;;;;;;;;
T6_A03;T6;Uppsala IF U16;Football;Q5_Athlete;Tee shirts;"hygiene_quality_concern; equipment_preference";;;;;;;;;;;;;;;;;;;;;;;;;;;;;;;;;;;;;;
T6_A03;T6;Uppsala IF U16;Football;Q6_Athlete;Through the app;app_preference;;;;;;;;;;;;;;;;;;;;;;;;;;;;;;;;;;;;;;
T6_A03;T6;Uppsala IF U16;Football;Q7_Athlete;I would feel nothing;"fairness_reciprocity; social_comfort_broad; trust_safety";;;;;;;;;;;;;;;;;;;;;;;;;;;;;;;;;;;;;;
T6_A03;T6;Uppsala IF U16;Football;Q8_Athlete;I would prefer someone I only know personally;"social_comfort_team; trust_safety";;;;;;;;;;;;;;;;;;;;;;;;;;;;;;;;;;;;;;
T6_A03;T6;Uppsala IF U16;Football;Q9_Athlete;It does not matter;fairness_reciprocity;;;;;;;;;;;;;;;;;;;;;;;;;;;;;;;;;;;;;;
T6_A03;T6;Uppsala IF U16;Football;Q10_Athlete;I did with my tee shirts;positive_circulation_response;;;;;;;;;;;;;;;;;;;;;;;;;;;;;;;;;;;;;;
T6_A03;T6;Uppsala IF U16;Football;Q11_Athlete;Nobody;negative_response;;;;;;;;;;;;;;;;;;;;;;;;;;;;;;;;;;;;;;
T6_A03;T6;Uppsala IF U16;Football;Q12_Athlete;Yeah ofcourse;"cost_access_barrier; inclusion_retention";;;;;;;;;;;;;;;;;;;;;;;;;;;;;;;;;;;;;;
T6_A03;T6;Uppsala IF U16;Football;Q13_Athlete;I think it is good. Maybe the communication should be good;practical_system;;;;;;;;;;;;;;;;;;;;;;;;;;;;;;;;;;;;;;
T8_A01;T8;Rasbo IP U16;Football;Q1_Athlete;I think it is very good;positive_acceptance;;;;;;;;;;;;;;;;;;;;;;;;;;;;;;;;;;;;;;
T8_A01;T8;Rasbo IP U16;Football;Q2_Athlete;It is like reward for like training;motivation_reward;;;;;;;;;;;;;;;;;;;;;;;;;;;;;;;;;;;;;;
T8_A01;T8;Rasbo IP U16;Football;Q3_Athlete;Yeah it will be comfortable to get old from people;"social_comfort_team; positive_circulation_response; trust_safety";;;;;;;;;;;;;;;;;;;;;;;;;;;;;;;;;;;;;;
T8_A01;T8;Rasbo IP U16;Football;Q4_Athlete;To give old and receive new ones from store;equipment_preference;;;;;;;;;;;;;;;;;;;;;;;;;;;;;;;;;;;;;;
T8_A01;T8;Rasbo IP U16;Football;Q5_Athlete;Like my old shoes to give away;"positive_circulation_response; equipment_preference";;;;;;;;;;;;;;;;;;;;;;;;;;;;;;;;;;;;;;
T8_A01;T8;Rasbo IP U16;Football;Q6_Athlete;I think it is good with app, so whenever you want you can approach the people and get things;positive_acceptance;;;;;;;;;;;;;;;;;;;;;;;;;;;;;;;;;;;;;;
T8_A01;T8;Rasbo IP U16;Football;Q7_Athlete;I dont think it matters;"fairness_reciprocity; social_comfort_broad; trust_safety";;;;;;;;;;;;;;;;;;;;;;;;;;;;;;;;;;;;;;
T8_A01;T8;Rasbo IP U16;Football;Q8_Athlete;Yeah both teammate and other teams;"social_comfort_broad; trust_safety";;;;;;;;;;;;;;;;;;;;;;;;;;;;;;;;;;;;;;
T8_A01;T8;Rasbo IP U16;Football;Q9_Athlete;I think I will use it again, like a support policy;community_support;;;;;;;;;;;;;;;;;;;;;;;;;;;;;;;;;;;;;;
T8_A01;T8;Rasbo IP U16;Football;Q10_Athlete;I sold my old football shoes;positive_circulation_response;;;;;;;;;;;;;;;;;;;;;;;;;;;;;;;;;;;;;;
T8_A01;T8;Rasbo IP U16;Football;Q11_Athlete;No I have not heard, only in social media;"cost_access_barrier; skeptical_response";;;;;;;;;;;;;;;;;;;;;;;;;;;;;;;;;;;;;;
T8_A01;T8;Rasbo IP U16;Football;Q12_Athlete;I think it would help people stay in sport;inclusion_retention;;;;;;;;;;;;;;;;;;;;;;;;;;;;;;;;;;;;;;
T8_A01;T8;Rasbo IP U16;Football;Q13_Athlete;Yes I think it would work;practical_system;;;;;;;;;;;;;;;;;;;;;;;;;;;;;;;;;;;;;;
T8_A02;T8;Rasbo IP U16;Football;Q1_Athlete;It is good to get new stuffs;positive_acceptance;;;;;;;;;;;;;;;;;;;;;;;;;;;;;;;;;;;;;;
T8_A02;T8;Rasbo IP U16;Football;Q2_Athlete;Motivation stuff and reward too;motivation_reward;;;;;;;;;;;;;;;;;;;;;;;;;;;;;;;;;;;;;;
T8_A02;T8;Rasbo IP U16;Football;Q3_Athlete;I am comfortable if they are comfortable;"positive_acceptance; social_comfort_broad; trust_safety";;;;;;;;;;;;;;;;;;;;;;;;;;;;;;;;;;;;;;
T8_A02;T8;Rasbo IP U16;Football;Q4_Athlete;Shoes that are too small, old, maybe like shorts, shirts and shinpad;equipment_preference;;;;;;;;;;;;;;;;;;;;;;;;;;;;;;;;;;;;;;
T8_A02;T8;Rasbo IP U16;Football;Q5_Athlete;Like shorts, shirts and shinpad;"hygiene_quality_concern; equipment_preference";;;;;;;;;;;;;;;;;;;;;;;;;;;;;;;;;;;;;;
T8_A02;T8;Rasbo IP U16;Football;Q6_Athlete;Maybe practice, where you can meetup and get;face_to_face_preference;;;;;;;;;;;;;;;;;;;;;;;;;;;;;;;;;;;;;;
T8_A02;T8;Rasbo IP U16;Football;Q7_Athlete;It does not matter for me;"social_comfort_broad; trust_safety";;;;;;;;;;;;;;;;;;;;;;;;;;;;;;;;;;;;;;
T8_A02;T8;Rasbo IP U16;Football;Q8_Athlete;Yea it does not matter that much, you can meetup somewhere near that is fine;"face_to_face_preference; social_comfort_broad; trust_safety";;;;;;;;;;;;;;;;;;;;;;;;;;;;;;;;;;;;;;
T8_A02;T8;Rasbo IP U16;Football;Q9_Athlete;It does not matter that much, I will help;"fairness_reciprocity; community_support";;;;;;;;;;;;;;;;;;;;;;;;;;;;;;;;;;;;;;
T8_A02;T8;Rasbo IP U16;Football;Q10_Athlete;I did not yet, but I am motivated to do that;positive_circulation_response;;;;;;;;;;;;;;;;;;;;;;;;;;;;;;;;;;;;;;
T8_A02;T8;Rasbo IP U16;Football;Q11_Athlete;I dont know anyone, but I have seen and heard;"social_comfort_broad; trust_safety";;;;;;;;;;;;;;;;;;;;;;;;;;;;;;;;;;;;;;
T8_A02;T8;Rasbo IP U16;Football;Q12_Athlete;I think it would work, if proper meetups are made;"face_to_face_preference; positive_acceptance";;;;;;;;;;;;;;;;;;;;;;;;;;;;;;;;;;;;;;
T8_A02;T8;Rasbo IP U16;Football;Q13_Athlete;Yes sure, nothing could go wrong;practical_system;;;;;;;;;;;;;;;;;;;;;;;;;;;;;;;;;;;;;;
T8_A03;T8;Rasbo IP U16;Football;Q1_Athlete;It is good, I like what you are doing;positive_acceptance;;;;;;;;;;;;;;;;;;;;;;;;;;;;;;;;;;;;;;
T8_A03;T8;Rasbo IP U16;Football;Q2_Athlete;Motivation and reward;motivation_reward;;;;;;;;;;;;;;;;;;;;;;;;;;;;;;;;;;;;;;
T8_A03;T8;Rasbo IP U16;Football;Q3_Athlete;Yeah it is good and comfortable;"social_comfort_team; positive_circulation_response; trust_safety";;;;;;;;;;;;;;;;;;;;;;;;;;;;;;;;;;;;;;
T8_A03;T8;Rasbo IP U16;Football;Q4_Athlete;Shorts and Tee shirts;equipment_preference;;;;;;;;;;;;;;;;;;;;;;;;;;;;;;;;;;;;;;
T8_A03;T8;Rasbo IP U16;Football;Q5_Athlete;Shorts and Tee shirts;"hygiene_quality_concern; equipment_preference";;;;;;;;;;;;;;;;;;;;;;;;;;;;;;;;;;;;;;
T8_A03;T8;Rasbo IP U16;Football;Q6_Athlete;I think also app is good;"app_preference; face_to_face_preference";;;;;;;;;;;;;;;;;;;;;;;;;;;;;;;;;;;;;;
T8_A03;T8;Rasbo IP U16;Football;Q7_Athlete;Does not matter;"social_comfort_broad; trust_safety";;;;;;;;;;;;;;;;;;;;;;;;;;;;;;;;;;;;;;
T8_A03;T8;Rasbo IP U16;Football;Q8_Athlete;Does not matter for me;"social_comfort_broad; trust_safety";;;;;;;;;;;;;;;;;;;;;;;;;;;;;;;;;;;;;;
T8_A03;T8;Rasbo IP U16;Football;Q9_Athlete;Does not matter;fairness_reciprocity;;;;;;;;;;;;;;;;;;;;;;;;;;;;;;;;;;;;;;
T8_A03;T8;Rasbo IP U16;Football;Q10_Athlete;Haven't done it yet. But I am too motivated to do that;positive_circulation_response;;;;;;;;;;;;;;;;;;;;;;;;;;;;;;;;;;;;;;
T8_A03;T8;Rasbo IP U16;Football;Q11_Athlete;I have seen people who cant afford to buy;cost_access_barrier;;;;;;;;;;;;;;;;;;;;;;;;;;;;;;;;;;;;;;
T8_A03;T8;Rasbo IP U16;Football;Q12_Athlete;I think it is a nice app, it would work;positive_acceptance;;;;;;;;;;;;;;;;;;;;;;;;;;;;;;;;;;;;;;
T8_A03;T8;Rasbo IP U16;Football;Q13_Athlete;Yes sure;practical_system;;;;;;;;;;;;;;;;;;;;;;;;;;;;;;;;;;;;;;
T8_A04;T8;Rasbo IP U16;Football;Q1_Athlete;I think it is good;positive_acceptance;;;;;;;;;;;;;;;;;;;;;;;;;;;;;;;;;;;;;;
T8_A04;T8;Rasbo IP U16;Football;Q2_Athlete;Yeah it feels like motivation;motivation_reward;;;;;;;;;;;;;;;;;;;;;;;;;;;;;;;;;;;;;;
T8_A04;T8;Rasbo IP U16;Football;Q3_Athlete;It is comfortable;"social_comfort_team; positive_circulation_response; trust_safety";;;;;;;;;;;;;;;;;;;;;;;;;;;;;;;;;;;;;;
T8_A04;T8;Rasbo IP U16;Football;Q4_Athlete;Shinpads;equipment_preference;;;;;;;;;;;;;;;;;;;;;;;;;;;;;;;;;;;;;;
T8_A04;T8;Rasbo IP U16;Football;Q5_Athlete;Shinpads;"hygiene_quality_concern; equipment_preference";;;;;;;;;;;;;;;;;;;;;;;;;;;;;;;;;;;;;;
T8_A04;T8;Rasbo IP U16;Football;Q6_Athlete;App is good and also training;"app_preference; face_to_face_preference";;;;;;;;;;;;;;;;;;;;;;;;;;;;;;;;;;;;;;
T8_A04;T8;Rasbo IP U16;Football;Q7_Athlete;Does not matter;"social_comfort_broad; trust_safety";;;;;;;;;;;;;;;;;;;;;;;;;;;;;;;;;;;;;;
T8_A04;T8;Rasbo IP U16;Football;Q8_Athlete;Does not matter;"social_comfort_broad; trust_safety";;;;;;;;;;;;;;;;;;;;;;;;;;;;;;;;;;;;;;
T8_A04;T8;Rasbo IP U16;Football;Q9_Athlete;Does not matter;fairness_reciprocity;;;;;;;;;;;;;;;;;;;;;;;;;;;;;;;;;;;;;;
T8_A04;T8;Rasbo IP U16;Football;Q10_Athlete;Yes I have sold my shoes;positive_circulation_response;;;;;;;;;;;;;;;;;;;;;;;;;;;;;;;;;;;;;;
T8_A04;T8;Rasbo IP U16;Football;Q11_Athlete;My friend could not buy soccer shoes, so he quit;no_inclusion_retention;;;;;;;;;;;;;;;;;;;;;;;;;;;;;;;;;;;;;;
T8_A04;T8;Rasbo IP U16;Football;Q12_Athlete;It will work, it is a great concept;"cost_access_barrier; inclusion_retention";;;;;;;;;;;;;;;;;;;;;;;;;;;;;;;;;;;;;;
T8_A04;T8;Rasbo IP U16;Football;Q13_Athlete;It will work;practical_system;;;;;;;;;;;;;;;;;;;;;;;;;;;;;;;;;;;;;;
T8_A05;T8;Rasbo IP U16;Football;Q1_Athlete;It is good really;positive_acceptance;;;;;;;;;;;;;;;;;;;;;;;;;;;;;;;;;;;;;;
T8_A05;T8;Rasbo IP U16;Football;Q2_Athlete;Yes it will motivate me;motivation_reward;;;;;;;;;;;;;;;;;;;;;;;;;;;;;;;;;;;;;;
T8_A05;T8;Rasbo IP U16;Football;Q3_Athlete;Yeah I think it is comfortable for me;"social_comfort_team; positive_circulation_response; trust_safety";;;;;;;;;;;;;;;;;;;;;;;;;;;;;;;;;;;;;;
T8_A05;T8;Rasbo IP U16;Football;Q4_Athlete;Shoes and shinpads;equipment_preference;;;;;;;;;;;;;;;;;;;;;;;;;;;;;;;;;;;;;;
T8_A05;T8;Rasbo IP U16;Football;Q5_Athlete;Shoes and shinpads;equipment_preference;;;;;;;;;;;;;;;;;;;;;;;;;;;;;;;;;;;;;;
T8_A05;T8;Rasbo IP U16;Football;Q6_Athlete;App and trainings;"app_preference; face_to_face_preference";;;;;;;;;;;;;;;;;;;;;;;;;;;;;;;;;;;;;;
T8_A05;T8;Rasbo IP U16;Football;Q7_Athlete;Dont care;"fairness_reciprocity; social_comfort_broad; trust_safety";;;;;;;;;;;;;;;;;;;;;;;;;;;;;;;;;;;;;;
T8_A05;T8;Rasbo IP U16;Football;Q8_Athlete;Both are fine;"social_comfort_broad; trust_safety";;;;;;;;;;;;;;;;;;;;;;;;;;;;;;;;;;;;;;
T8_A05;T8;Rasbo IP U16;Football;Q9_Athlete;I do not care;"fairness_reciprocity; community_support";;;;;;;;;;;;;;;;;;;;;;;;;;;;;;;;;;;;;;
T8_A05;T8;Rasbo IP U16;Football;Q10_Athlete;Yes I sold my sport shoes;positive_circulation_response;;;;;;;;;;;;;;;;;;;;;;;;;;;;;;;;;;;;;;
T8_A05;T8;Rasbo IP U16;Football;Q11_Athlete;I have not seen anyone;"social_comfort_broad; trust_safety";;;;;;;;;;;;;;;;;;;;;;;;;;;;;;;;;;;;;;
T8_A05;T8;Rasbo IP U16;Football;Q12_Athlete;I think it would work;positive_acceptance;;;;;;;;;;;;;;;;;;;;;;;;;;;;;;;;;;;;;;
T8_A05;T8;Rasbo IP U16;Football;Q13_Athlete;I dont see anything going wrong, it will work;practical_system;;;;;;;;;;;;;;;;;;;;;;;;;;;;;;;;;;;;;;
T8_A06;T8;Rasbo IP U16;Football;Q1_Athlete;Yes motivation;motivation_reward;;;;;;;;;;;;;;;;;;;;;;;;;;;;;;;;;;;;;;
T8_A06;T8;Rasbo IP U16;Football;Q2_Athlete;Yeah it is comfortable;motivation_reward;;;;;;;;;;;;;;;;;;;;;;;;;;;;;;;;;;;;;;
T8_A06;T8;Rasbo IP U16;Football;Q3_Athlete;Shoes, shinpads and socks;equipment_preference;;;;;;;;;;;;;;;;;;;;;;;;;;;;;;;;;;;;;;
T8_A06;T8;Rasbo IP U16;Football;Q4_Athlete;Shoes, shinpads and socks;equipment_preference;;;;;;;;;;;;;;;;;;;;;;;;;;;;;;;;;;;;;;
T8_A06;T8;Rasbo IP U16;Football;Q5_Athlete;Trainings, because you can try it see yourself;"hygiene_quality_concern; equipment_preference";;;;;;;;;;;;;;;;;;;;;;;;;;;;;;;;;;;;;;
T8_A06;T8;Rasbo IP U16;Football;Q6_Athlete;Do not matter;"app_preference; face_to_face_preference";;;;;;;;;;;;;;;;;;;;;;;;;;;;;;;;;;;;;;
T8_A06;T8;Rasbo IP U16;Football;Q7_Athlete;Both good for me;"social_comfort_broad; trust_safety";;;;;;;;;;;;;;;;;;;;;;;;;;;;;;;;;;;;;;
T8_A06;T8;Rasbo IP U16;Football;Q8_Athlete;I do not care;"social_comfort_broad; trust_safety";;;;;;;;;;;;;;;;;;;;;;;;;;;;;;;;;;;;;;
T8_A06;T8;Rasbo IP U16;Football;Q9_Athlete;It is good to help so I dont care;community_support;;;;;;;;;;;;;;;;;;;;;;;;;;;;;;;;;;;;;;
T8_A06;T8;Rasbo IP U16;Football;Q10_Athlete;Yes some sport equipments;positive_circulation_response;;;;;;;;;;;;;;;;;;;;;;;;;;;;;;;;;;;;;;
T8_A06;T8;Rasbo IP U16;Football;Q11_Athlete;Not in person, but in social media;face_to_face_preference;;;;;;;;;;;;;;;;;;;;;;;;;;;;;;;;;;;;;;
T8_A06;T8;Rasbo IP U16;Football;Q12_Athlete;I think it would work, because you save money. It sounds like a revolution for me;"cost_access_barrier; positive_acceptance";;;;;;;;;;;;;;;;;;;;;;;;;;;;;;;;;;;;;;
T8_A06;T8;Rasbo IP U16;Football;Q13_Athlete;Maybe;skeptical_response;;;;;;;;;;;;;;;;;;;;;;;;;;;;;;;;;;;;;;
C2;T2;Uppsala Basketball Lions;Basketball;Q1_Coach;I think when they get older, school can be a source of pressure, they wanna hang out with friends, and a lot of sports get expensive. And they have to decide whether to choose a single sport if they played multiple when they were kids;"cost_access_barrier; inclusion_retention; competition_pressure";;;;;;;;;;;;;;;;;;;;;;;;;;;;;;;;;;;;;;
C2;T2;Uppsala Basketball Lions;Basketball;Q2_Coach;Yeah, I think that it's a lot more expensive than it used to be, if you don't have a lot of money, like regular clothes or sports clothes, but in Sweden there are a lot of clubs and programs, if you cannot afford sports, they will fund. I know a person who got used to it, But there could also be a pride thing, as you don't wanna get funded by programs. And also, each sport costs differently, so it depends on the sport, too.;cost_access_barrier;;;;;;;;;;;;;;;;;;;;;;;;;;;;;;;;;;;;;;
C2;T2;Uppsala Basketball Lions;Basketball;Q3_Coach;I think that its morea bout friendship, a secure coach and leader. The relationship is important. It was a bad day at school, so they felt excited to come to training and feel good. You know to be in a safe place, train, play a game, have fun, and feel included.;"motivation_reward; trust_safety; social_comfort_team";;;;;;;;;;;;;;;;;;;;;;;;;;;;;;;;;;;;;;
C2;T2;Uppsala Basketball Lions;Basketball;Q4_Coach;shoes;equipment_preference;;;;;;;;;;;;;;;;;;;;;;;;;;;;;;;;;;;;;;
C2;T2;Uppsala Basketball Lions;Basketball;Q5_Coach;In my team, no, but I played myself from a young age, so that's definitely happening, my dad is a coach too, so he also helped kids by giving away my shoes to them, so that they can extend their playing career. And also again, it depends on the game you are playing;"social_comfort_team; positive_circulation_response; community_support; trust_safety";;;;;;;;;;;;;;;;;;;;;;;;;;;;;;;;;;;;;;
C2;T2;Uppsala Basketball Lions;Basketball;Q6_Coach;I don't know, in the team, they have similar sizes. But in siblings, fb pages, they exchange things, like Sirius clubs, they do that. Not within the team, maybe, but to siblings and younger cousins.;"social_comfort_team; positive_circulation_response; skeptical_response; trust_safety";;;;;;;;;;;;;;;;;;;;;;;;;;;;;;;;;;;;;;
C2;T2;Uppsala Basketball Lions;Basketball;Q7_Coach;It is always nice to ask people how you are doing ofcouse, of course, but if they say I am not feeling well, did someone know about it? Then I like to check in with kids, how they're feeling.;"community_support; positive_acceptance";;;;;;;;;;;;;;;;;;;;;;;;;;;;;;;;;;;;;;
C2;T2;Uppsala Basketball Lions;Basketball;Q8_Coach;I think I would need to know more about the app, but unless it is taking any advantage, it is a good thing. Also, it should not feel like homework. It should feel like they should rely on it and feel helpful. It is always good for younger kids to rely on coaches;"trust_safety; community_support; positive_acceptance";;;;;;;;;;;;;;;;;;;;;;;;;;;;;;;;;;;;;;
C2;T2;Uppsala Basketball Lions;Basketball;Q9_Coach;I think if they need a backpack, then it will be a motivation.;"motivation_reward; practical_system";;;;;;;;;;;;;;;;;;;;;;;;;;;;;;;;;;;;;;
C2;T2;Uppsala Basketball Lions;Basketball;Q10_Coach;It is always a risk. Yes, as long as it does not become competitive, the competition should be healthy, because it is easy to get the following statistics. I want my kids to be united as a team.;"community_support; competition_pressure";;;;;;;;;;;;;;;;;;;;;;;;;;;;;;;;;;;;;;
C2;T2;Uppsala Basketball Lions;Basketball;Q11_Coach;We have been very tough, but here it is a safe place, and they trust each other.;trust_safety;;;;;;;;;;;;;;;;;;;;;;;;;;;;;;;;;;;;;;
C2;T2;Uppsala Basketball Lions;Basketball;Q12_Coach;I don't know;skeptical_response;;;;;;;;;;;;;;;;;;;;;;;;;;;;;;;;;;;;;;
C2;T2;Uppsala Basketball Lions;Basketball;Q13_Coach;I think it is good to reuse things, by giving or selling, and do not want ot throw things out. IF there is an app, it makes things easier.;"positive_circulation_response; positive_acceptance";;;;;;;;;;;;;;;;;;;;;;;;;;;;;;;;;;;;;;
C2;T2;Uppsala Basketball Lions;Basketball;Q14_Coach;Hygiene, of course. And also scams. And when you see a different picture of shoes, and you get something different;"scam_risk; hygiene_quality_concern; practical_system";;;;;;;;;;;;;;;;;;;;;;;;;;;;;;;;;;;;;;
C2;T2;Uppsala Basketball Lions;Basketball;Q15_Coach;I think maybe in other sports rather than basketball. It is always good to make kids play sports rather than play only with super-branded shoes.;"skeptical_response; cost_access_barrier";;;;;;;;;;;;;;;;;;;;;;;;;;;;;;;;;;;;;;
C2;T2;Uppsala Basketball Lions;Basketball;Q16_Coach;I think setting some rules and engaging more with the app will make things easier and more flexible. I think the well-being questions are good. But as for the equipment circularity, I cannot answer, as in my team, they don't really need it. But for other teams, it would be more useful.;"app_preference; social_comfort_broad; practical_system; trust_safety";;;;;;;;;;;;;;;;;;;;;;;;;;;;;;;;;;;;;;
C3;T3;Uppsala Basketball P10;Basketball;Q1_Coach;Lack of interest, I think. Most of the kids play some kind of sport up to like this age, then they quit because they start new schools, they start gymnasium, and the kids that want to make more effort in the sport, they continue. But otherwise, when they choose, like, if they want to be a mechanical or study economics or whatever, then they don't put down so much time in sports. Because of the career, academic career. Yeah, I think many quit when they get around 15-16.;no_inclusion_retention;;;;;;;;;;;;;;;;;;;;;;;;;;;;;;;;;;;;;;
C3;T3;Uppsala Basketball P10;Basketball;Q2_Coach;Yeah, of course, we have heard about it, not in this team so much, but in the last team I coached in, we had some kids that were struggling a bit because their parents, it's single parents, it's a hard life for them, you know, high rents and food, they are getting more expensive, and travel to work, it's more expensive, everything is very expensive for them. So, of course, it could be that they can't afford to continue with sports. Yeah, but there are a few organizations that help these kids, so there is help to get, but often it's not enough because it's too expensive to do the sports also. But I feel it's quite strong, what do you call it, all the parents want the kids to do or have activities like sports, so they do pretty much, they try to do as much as they can to give the kids the opportunity to be active in what they want.;"cost_access_barrier; no_inclusion_retention; community_support";;;;;;;;;;;;;;;;;;;;;;;;;;;;;;;;;;;;;;
C3;T3;Uppsala Basketball P10;Basketball;Q3_Coach;That's a hard one, because some of the kids, they are here to, you know, meet their friends and have fun and just play around and just go with the flow. Some of the kids, they want to really develop and maybe play in a higher league when they get older, so it's a mix. So, to make, and it's a real challenge to be a coach and make the best for all of them. Because some of the kids you need to be a bit more laid back with and make them to be able to have fun. And the other kids need the challenge and help to develop the skills, so you have to be... Yeah, it depends very much.;"social_comfort_team; community_support; trust_safety";;;;;;;;;;;;;;;;;;;;;;;;;;;;;;;;;;;;;;
C3;T3;Uppsala Basketball P10;Basketball;Q4_Coach;Yeah, basketball shoes.;equipment_preference;;;;;;;;;;;;;;;;;;;;;;;;;;;;;;;;;;;;;;
C3;T3;Uppsala Basketball P10;Basketball;Q5_Coach;Yeah, it could be, yeah. But not so much in this team, happily. But in our experience, we have seen... Yeah, I have been... had kids that doesn't show up to cups because... They want to buy additional shoes. Yeah, or in some away games, we need to eat out at the restaurant and they can't afford that. So, then the kids won't show up to that, yeah.;"cost_access_barrier; no_inclusion_retention";;;;;;;;;;;;;;;;;;;;;;;;;;;;;;;;;;;;;;
C3;T3;Uppsala Basketball P10;Basketball;Q6_Coach;No, not so much here in Uppsala but Yeah, Knivsta. It's a smaller community, so the guys are a bit more friendly to each other. So, of course, if you forgot your shoes and you got an extra spare part, then you could... So, Yeah, sharing. So, it happens, but not so often. Not so often. Especially here in Uppsala;"positive_circulation_response; community_support; positive_acceptance";;;;;;;;;;;;;;;;;;;;;;;;;;;;;;;;;;;;;;
C3;T3;Uppsala Basketball P10;Basketball;Q7_Coach;Yeah, sure, it could be helpful. It could be, okay. It depends how... How well is the app? Yeah, not so much about the app, but how serious I am as a coach. But of course, if I want to, I can keep a playbook to make some notes of the kids and how they develop. Perhaps if I see that this kid needs more shooting practice, of course I could do some notes of that. I know that a lot of teams give away a diary to the players, so that the players by themselves are writing. This practice went very well, and I learned this and so on. So that's an approach that I know some teams do. More done in Stockholm. So if you've got an app to do it, that could... Make things easier. Yeah, exactly. I think I've got a basketball app where I can print out a basketball field and make some plays and stuff. There's a comment field where I can put comments. So, sure, an app for it would be good. But... It depends. It depends on the relationship between the coach and the app.;"motivation_reward; app_preference; practical_system";;;;;;;;;;;;;;;;;;;;;;;;;;;;;;;;;;;;;;
C3;T3;Uppsala Basketball P10;Basketball;Q8_Coach;That will give them pressure to see... They have to answer these questions, and they have to get the tokens. Will it pressurize them or will it... Motivate, or it doesn't do anything. I have no clue. Okay. I'm not sure.;"competition_pressure; skeptical_response";;;;;;;;;;;;;;;;;;;;;;;;;;;;;;;;;;;;;;
C3;T3;Uppsala Basketball P10;Basketball;Q9_Coach;No, probably not. If they get rewards for something, like a prize or something. Yeah. Well, in Sweden... Okay. Now, a few years ago, they were trying to take out the rewards from the games. So from the younger teams, they don't count points. So they take away the actual competing in games from a very young age up to maybe 12, 13, or something thereabouts. Then they start to count points and do a series. So if you talk to Riksrotsförbundet, that's Sweden's organization for all the sports in Sweden. They make guidelines for our organization on how we are supposed to teach kids sports and how we are supposed to act during training. So, I'm not sure... Of course, kids are always competitive. So if they get some kind of reward, of course, they will find that funny. It depends on the kids. Some of the kids like video games and such. They can see some benefits in getting tokens, rewards, or anything. It depends on what they do.;"motivation_reward; practical_system; competition_pressure";;;;;;;;;;;;;;;;;;;;;;;;;;;;;;;;;;;;;;
C3;T3;Uppsala Basketball P10;Basketball;Q10_Coach;It becomes a habit for them. It depends. To be competitive, I need more tokens from other kids. It could be good. But also, it could be... In Sweden, we want everyone to join in. If someone gets left behind because they don't get enough rewards or tokens, then we get the opposite effect. Maybe they don't continue because they feel left outside. Their teammates;"motivation_reward; competition_pressure";;;;;;;;;;;;;;;;;;;;;;;;;;;;;;;;;;;;;;
C3;T3;Uppsala Basketball P10;Basketball;Q11_Coach;Normally, it's no problem inside the team. If it's outside the team? Sometimes, perhaps. We got an injury in the last game you were here. We gave them Band-Aids and stuff. No problem there. Actually, I haven't gotten any thank you or anything from the team. They took it with them. But it is what it is. But I feel like... If you're new to the team, then perhaps it could be a bit of a struggle for the new kids. But if you have been on the team for a while, then they share water bottles and everything. Balls and shoes and stuff. I haven't encountered any difficulties there;"social_comfort_broad; trust_safety; community_support";;;;;;;;;;;;;;;;;;;;;;;;;;;;;;;;;;;;;;
C3;T3;Uppsala Basketball P10;Basketball;Q12_Coach;No, I'm not sure;skeptical_response;;;;;;;;;;;;;;;;;;;;;;;;;;;;;;;;;;;;;;
C3;T3;Uppsala Basketball P10;Basketball;Q13_Coach;Why not? But my approach to all the apps that you're faced with right now is just getting too much. It's an app for shopping, it's an app for food, and it charges your car. And it's not one, you need like five apps for everything. So one more. I try to keep my app counts as low as possible. And we got Blocket and Tradera. It's two big used marketplaces. And they are very well established. The families that are struggling, I think, are looking there when they need to buy used equipment. And that's a thing. Primarily, when they are growing, because they outgrow a set of shoes in like six months, a year, and then they need new shoes;"cost_access_barrier; app_preference; positive_circulation_response; practical_system";;;;;;;;;;;;;;;;;;;;;;;;;;;;;;;;;;;;;;
C3;T3;Uppsala Basketball P10;Basketball;Q14_Coach;No, I don't think. If you are used to buying used products, you don't think. My experience is that when my kids are grown up, sometimes we buy used products. And people in Sweden are quite good at washing the stuff before they sell it. It's not about hygiene. No, most of the products are washed, and then it's good. So I have never encountered that we got used products that aren't a washing machine. Of course, some people are cheating you. But in Sweden, most people are pretty honest. So they take pictures. And also, if you check Tradera's used marketplace, if you check on clothes, shoes, and stuff, many people do take a lot of pictures, and they describe the objects. So when I have been shopping for used clothes and stuff, normally we look at the ads that have the most pictures or the most descriptions. Then we know that this person is probably pretty honest, and we can trust them. So, trash won't be a big problem in Sweden? No, I don't think so. As long as the app has a lot of pictures and descriptions, then it shouldn't be an issue.;"trust_safety; hygiene_quality_concern; positive_circulation_response; scam_risk";;;;;;;;;;;;;;;;;;;;;;;;;;;;;;;;;;;;;;
C3;T3;Uppsala Basketball P10;Basketball;Q15_Coach;Maybe. As I was saying, we got a few marketplaces already that are very established in Sweden. So I think most of the people will go there. We also have flea markets and such things. So I think it's a hard market to get into. It's basically not about you not paying to give. It's like the token exchange, which you earn. So it's not monetizing, it's just buying and giving away. So, how do you think, without any monetizing? I see. It's still an untouched territory. It's always hard to be new. So with the right advertisement, it could help kids. It could be, yeah.;"motivation_reward; skeptical_response; practical_system";;;;;;;;;;;;;;;;;;;;;;;;;;;;;;;;;;;;;;
C3;T3;Uppsala Basketball P10;Basketball;Q16_Coach;No, not in this team, I don't think so. I think most of the kids here are pretty well-financed. Financially good. Yeah, exactly. I think we got maybe one or two that are struggling a bit, but I haven't seen them come in like worn, old clothes. They're getting here with pretty good clothes and stuff. But they can give away, right? Yeah, sure. But there's also, what do you call it? You earn, you get your clothes. If you're the oldest kid in the family, then you buy clothes. Yeah, exactly. So you inherit the clothes from your older sister. Yeah, exactly. Or cousins and such, yeah. So all the clothes my kids are going to wear when they go out, we collect and give to my sister, who has a kid. So it's already happening. And when it's clothes and shoes, and sports equipment, most of it is getting worn pretty quickly. So when one or two kids have had it for like half a season or something, then it's maybe not so much to use anymore. It's like treasure. In your experience, as you told, the whole team can use this system. Would it help them? Maybe. But as I was saying, I think it's a new territory. It needs more integration. Yeah, exactly. And of course, if it hits, and like I said, the advertisements are correct, and people start to talk about it, yeah, sure, why not?;"motivation_reward; cost_access_barrier; positive_circulation_response; practical_system";;;;;;;;;;;;;;;;;;;;;;;;;;;;;;;;;;;;;;
C4;T4;IF VP;Football;Q1_Coach;I think it's because I don't have a real idea, but if I'm going to guess, I think when they get old, they don't have the flame in themselves, they don't have the passion. You come into puberty, you have no new interests, maybe you start with another sport, or really have very much in school, so you don't have time. So I think that could be the reason.;"cost_access_barrier; inclusion_retention";;;;;;;;;;;;;;;;;;;;;;;;;;;;;;;;;;;;;;
C4;T4;IF VP;Football;Q2_Coach;I think for some people it's a factor, they're going to quit, but this team, this club, we have a foundation for the players who don't have the money to pay. But we don't have the foundation for the equipment, so it's just for the training fee. But I think it's when the older players sometimes leave shoes in the house there, so you can take it. But in Sweden I don't think it's so much worrying because of money.;"cost_access_barrier; community_support";;;;;;;;;;;;;;;;;;;;;;;;;;;;;;;;;;;;;;
C4;T4;IF VP;Football;Q3_Coach;I think it's to build good chemistry in the team. When you're training, you train for the team, you train for football, but also meet your friends. So it's like a social thing also. Because if it's not a social thing, it's very easy to, instead of going to train, you go out with your friends and hang around.;"social_comfort_team; trust_safety";;;;;;;;;;;;;;;;;;;;;;;;;;;;;;;;;;;;;;
C4;T4;IF VP;Football;Q4_Coach;I think shoes.;equipment_preference;;;;;;;;;;;;;;;;;;;;;;;;;;;;;;;;;;;;;;
C4;T4;IF VP;Football;Q5_Coach;No, not until now.;negative_response;;;;;;;;;;;;;;;;;;;;;;;;;;;;;;;;;;;;;;
C4;T4;IF VP;Football;Q6_Coach;Yes. Shoes the most, and the clothes. I remember when I played, when I outgrew something, I passed it down to someone.;positive_circulation_response;;;;;;;;;;;;;;;;;;;;;;;;;;;;;;;;;;;;;;
C4;T4;IF VP;Football;Q7_Coach;I think it's good, because nowadays you have many more people that are unhealthy mentally. So it's good, so you can keep track of, so you can help them if they... You can track that, you have a dashboard in the app. As a coach, you can see which kid is doing good, and then you can have a meeting with them. I think it's really good, because then I can talk with them and find out what's wrong, so they don't stop playing, or just stay home.;"inclusion_retention; community_support; app_preference";;;;;;;;;;;;;;;;;;;;;;;;;;;;;;;;;;;;;;
C4;T4;IF VP;Football;Q8_Coach;I think for some people it's going to be really good to use the app, because they can get some help, but for other people they think it's really easy to say, ah, I'm good. Subjective.;"app_preference; positive_acceptance";;;;;;;;;;;;;;;;;;;;;;;;;;;;;;;;;;;;;;
C4;T4;IF VP;Football;Q9_Coach;I don't know if... I don't really know.;skeptical_response;;;;;;;;;;;;;;;;;;;;;;;;;;;;;;;;;;;;;;
C4;T4;IF VP;Football;Q10_Coach;No, I don't think that's. I think it's a great idea.;positive_acceptance;;;;;;;;;;;;;;;;;;;;;;;;;;;;;;;;;;;;;;
C4;T4;IF VP;Football;Q11_Coach;Just in the team, I think it's very easy for them to share with each other,;"trust_safety; social_comfort_team";;;;;;;;;;;;;;;;;;;;;;;;;;;;;;;;;;;;;;
C4;T4;IF VP;Football;Q12_Coach;if you're going to share with another person you don't know, I think it's more difficult for them.;"trust_safety; practical_system; scam_risk; social_comfort_broad";;;;;;;;;;;;;;;;;;;;;;;;;;;;;;;;;;;;;;
C4;T4;IF VP;Football;Q13_Coach;I think it's good, because as you said, if people can't afford the equipment, they can get it from there, and instead of throwing it away, you can give it away in the app.;"cost_access_barrier; positive_acceptance";;;;;;;;;;;;;;;;;;;;;;;;;;;;;;;;;;;;;;
C4;T4;IF VP;Football;Q14_Coach;Like a fair thing between... I think the hygiene, also how they smell, and the condition of the shoes. Conditions.;"hygiene_quality_concern; fairness_reciprocity; practical_system";;;;;;;;;;;;;;;;;;;;;;;;;;;;;;;;;;;;;;
C4;T4;IF VP;Football;Q15_Coach;I don't know, I haven't experienced that.;skeptical_response;;;;;;;;;;;;;;;;;;;;;;;;;;;;;;;;;;;;;;
C4;T4;IF VP;Football;Q16_Coach;This concept should work. In hockey, I think. Okay. Because in hockey, it's a very nice sport, but the equipment is so expensive. I think... I have a friend who plays, I think, 10,000 for just equipment. Okay. So, it's very expensive. So, if you want to play hockey, maybe you can only play hockey because it's so expensive. So, I think in hockey, you need this app because you outgrow the equipment there also. So, it's 10,000 next year. Yeah. When you see cheaper ones, you go for it. Okay. So, you say every sport being in this app is a good idea, not only football. Yeah, it's a very good idea.;"cost_access_barrier; practical_system; positive_acceptance";;;;;;;;;;;;;;;;;;;;;;;;;;;;;;;;;;;;;;
C5a;T5;Uppsala IF U15;Football;Q1_Coach;I don't think we have asked the guys who have stopped training, but we know that some of them do different sports, so they don't have the time for football. We also have some of them who don't really have the time to train. They focus on school or other stuff.;no_inclusion_retention;;;;;;;;;;;;;;;;;;;;;;;;;;;;;;;;;;;;;;
C5a;T5;Uppsala IF U15;Football;Q2_Coach;No, I think football is not that expensive. You can find quite cheap football shoes and things if you want, but of course you can buy very expensive as well, but it's not like other sports that are very expensive. So that's not the reason for people to stop playing, I think.;"cost_access_barrier; inclusion_retention";;;;;;;;;;;;;;;;;;;;;;;;;;;;;;;;;;;;;;
C5a;T5;Uppsala IF U15;Football;Q3_Coach;I think most of it is to have fun, and to have their friends, and have fun together with friends. That's really more important than winning games or stuff like that. So that is one of the factors too.;"social_comfort_team; community_support";;;;;;;;;;;;;;;;;;;;;;;;;;;;;;;;;;;;;;
C5a;T5;Uppsala IF U15;Football;Q4_Coach;Probably shoes;equipment_preference;;;;;;;;;;;;;;;;;;;;;;;;;;;;;;;;;;;;;;
C5a;T5;Uppsala IF U15;Football;Q5_Coach;No, not that we have heard of.;negative_response;;;;;;;;;;;;;;;;;;;;;;;;;;;;;;;;;;;;;;
C5a;T5;Uppsala IF U15;Football;Q6_Coach;No, I don't think so.;negative_response;;;;;;;;;;;;;;;;;;;;;;;;;;;;;;;;;;;;;;
C5a;T5;Uppsala IF U15;Football;Q7_Coach;Yeah, it sounds like a good idea;positive_acceptance;;;;;;;;;;;;;;;;;;;;;;;;;;;;;;;;;;;;;;
C5a;T5;Uppsala IF U15;Football;Q8_Coach;Yeah, it sounds like a good idea;positive_acceptance;;;;;;;;;;;;;;;;;;;;;;;;;;;;;;;;;;;;;;
C5a;T5;Uppsala IF U15;Football;Q9_Coach;It probably motivates them;motivation_reward;;;;;;;;;;;;;;;;;;;;;;;;;;;;;;;;;;;;;;
C5a;T5;Uppsala IF U15;Football;Q10_Coach;Maybe it's possible.;skeptical_response;;;;;;;;;;;;;;;;;;;;;;;;;;;;;;;;;;;;;;
C5a;T5;Uppsala IF U15;Football;Q11_Coach;I think they trust each other.;trust_safety;;;;;;;;;;;;;;;;;;;;;;;;;;;;;;;;;;;;;;
C5a;T5;Uppsala IF U15;Football;Q12_Coach;I don't know.;negative_response;;;;;;;;;;;;;;;;;;;;;;;;;;;;;;;;;;;;;;
C5a;T5;Uppsala IF U15;Football;Q13_Coach;I think it's a good concept.;"app_preference; positive_circulation_response";;;;;;;;;;;;;;;;;;;;;;;;;;;;;;;;;;;;;;
C5a;T5;Uppsala IF U15;Football;Q14_Coach;Yeah, of course. For shoes, for example, if you use them for a long time, maybe they smell or they are dirty. That's maybe a difficulty. Hygiene.;"hygiene_quality_concern; practical_system; positive_acceptance";;;;;;;;;;;;;;;;;;;;;;;;;;;;;;;;;;;;;;
C5a;T5;Uppsala IF U15;Football;Q15_Coach;Not here, but anywhere. It could. Thank you.;"inclusion_retention; community_support";;;;;;;;;;;;;;;;;;;;;;;;;;;;;;;;;;;;;;
C5a;T5;Uppsala IF U15;Football;Q16_Coach;So that it could work in your team. I think an app that everyone has and tries to use every day. It's probably something that could work. And the app also has the dashboard for the coach. So that the coach can see how the particular kid is doing today. Is the kid mentally good today? That's nice, yeah. Good for the coaches as well. To track the kids. Yeah, exactly.;"positive_acceptance;app_preference";;;;;;;;;;;;;;;;;;;;;;;;;;;;;;;;;;;;;;
C5b;T5;Uppsala IF U15;Football;Q1_Coach;I think the most important part, I think, has to do with interest. It's about interest, yeah. When they grow older, you know, other interests come into the picture. But it's also, they change sports, some people start, you know, taking school more serious. That's the most important point, I would say.;inclusion_retention;;;;;;;;;;;;;;;;;;;;;;;;;;;;;;;;;;;;;;
C5b;T5;Uppsala IF U15;Football;Q2_Coach;Yeah, I think it plays a... In Sweden, I don't think it's that big of a role, but it plays a role, of course. Because in Sweden, you can get pretty cheap shoes and you can get, like, you know, from the government stipends and things like that to play. So yeah, here in Sweden, it's not that big of a problem. But of course, if you want to play in, like, academy level and things like that, it gets more expensive.;"cost_access_barrier; practical_system; positive_acceptance";;;;;;;;;;;;;;;;;;;;;;;;;;;;;;;;;;;;;;
C5b;T5;Uppsala IF U15;Football;Q3_Coach;The most important part is to have fun when you play. Yeah, you have to have fun. Because all the kids here, they love football. But some people also have to, you know, have fun. If they don't have fun, like, let's say for three months when they're training, they don't have fun training, they don't think it's fun. Maybe they won't come back after that. So that is a part of it;"social_comfort_team; community_support";;;;;;;;;;;;;;;;;;;;;;;;;;;;;;;;;;;;;;
C5b;T5;Uppsala IF U15;Football;Q4_Coach;Shoes, I would think. Shoes and shirts as well, yeah. But shoes are the most important part;equipment_preference;;;;;;;;;;;;;;;;;;;;;;;;;;;;;;;;;;;;;;
C5b;T5;Uppsala IF U15;Football;Q5_Coach;In this team, no. But when I played before, when I was a player, I know some of my teammates were struggling. But in this team, no;cost_access_barrier;;;;;;;;;;;;;;;;;;;;;;;;;;;;;;;;;;;;;;
C5b;T5;Uppsala IF U15;Football;Q6_Coach; But in this team, no. Because some of their big brothers have played football before and they use their shoes and things like that. But not within the team;"social_comfort_broad; positive_circulation_response";;;;;;;;;;;;;;;;;;;;;;;;;;;;;;;;;;;;;;
C5b;T5;Uppsala IF U15;Football;Q7_Coach;Yeah, it sounds really good. If everybody can participate and use the app like it's supposed to, I think it would be a really good app. And help us coaches as well;"app_preference; community_support; positive_acceptance";;;;;;;;;;;;;;;;;;;;;;;;;;;;;;;;;;;;;;
C5b;T5;Uppsala IF U15;Football;Q8_Coach;Both. But when you play football, you know it's a competition. So I would say for some kids, yes. But other kids, no.;competition_pressure;;;;;;;;;;;;;;;;;;;;;;;;;;;;;;;;;;;;;;
C5b;T5;Uppsala IF U15;Football;Q9_Coach;Yeah, I would say, like I said, football is a competition sport. And if they can earn tokens like this, you know, trading old shoes and things like that. Yeah, I would think it would be a competition for them. Could be more pressurized. But motivational more, I would say. Motivational.;"motivation_reward; positive_circulation_response; practical_system; competition_pressure";;;;;;;;;;;;;;;;;;;;;;;;;;;;;;;;;;;;;;
C5b;T5;Uppsala IF U15;Football;Q10_Coach;I don't think so. But I don't know.;negative_response;;;;;;;;;;;;;;;;;;;;;;;;;;;;;;;;;;;;;;
C5b;T5;Uppsala IF U15;Football;Q11_Coach;Not here, but... Overall, I would say people are pretty trusting with each other. Yeah, but in the team as well. Here, everybody, they're trusting each other. So, yeah, they could borrow each other's shoes, no problem.;trust_safety;;;;;;;;;;;;;;;;;;;;;;;;;;;;;;;;;;;;;;
C5b;T5;Uppsala IF U15;Football;Q12_Coach;I don't know;negative_response;;;;;;;;;;;;;;;;;;;;;;;;;;;;;;;;;;;;;;
C5b;T5;Uppsala IF U15;Football;Q13_Coach;Yeah, sounds like a good idea. I think it would work.;positive_acceptance;;;;;;;;;;;;;;;;;;;;;;;;;;;;;;;;;;;;;;
C5b;T5;Uppsala IF U15;Football;Q14_Coach;Hygiene could be a problem. And, of course, you have to have enough users here in Uppsala. But, you know, in the world as well, if you want to go... I don't know how big this app is, but you have to have a big enough platform. But I think it could really work;"hygiene_quality_concern; app_preference; positive_acceptance; skeptical_response";;;;;;;;;;;;;;;;;;;;;;;;;;;;;;;;;;;;;;
C5b;T5;Uppsala IF U15;Football;Q15_Coach;Could be. Could be. Not here in my team, but maybe in other countries, but as well here in Sweden. Some teams, it could really help them,;"social_comfort_team; community_support";;;;;;;;;;;;;;;;;;;;;;;;;;;;;;;;;;;;;;
C5b;T5;Uppsala IF U15;Football;Q16_Coach;No explicitly answered;negative_response;;;;;;;;;;;;;;;;;;;;;;;;;;;;;;;;;;;;;;
C5c;T5;Uppsala IF U15;Football;Q1_Coach;Yeah school, they have a lot of school they Wouldn't say get tired but It comes to a point for some kids. Okay, I think where they like stop having fun at the training Maybe focusing on other things being with friends or yeah doing other stuff;no_inclusion_retention;;;;;;;;;;;;;;;;;;;;;;;;;;;;;;;;;;;;;;
C5c;T5;Uppsala IF U15;Football;Q2_Coach;well, the financial cost plays a Absolutely role because shoes as you said like backpacks and equipment cost money also like fees for For the for the team from the team So it does play a part I think a lot of times it works out I believe that football is better than hockey and other sports where they have a lot of equipment;cost_access_barrier;;;;;;;;;;;;;;;;;;;;;;;;;;;;;;;;;;;;;;
C5c;T5;Uppsala IF U15;Football;Q3_Coach;Having fun is a big thing being Like one-to-one with kids is it's important talking to them motivating them It's fun to win It's fun to work together as a team;motivation_reward;;;;;;;;;;;;;;;;;;;;;;;;;;;;;;;;;;;;;;
C5c;T5;Uppsala IF U15;Football;Q4_Coach;For football, it's shoes Well now our team are 14 15 years old they are turning 15 this year At that age, a lot of things have happened, so clothes also.;equipment_preference;;;;;;;;;;;;;;;;;;;;;;;;;;;;;;;;;;;;;;
C5c;T5;Uppsala IF U15;Football;Q5_Coach;Yeah, I've heard about it. For some kids, not in our team, we haven't heard about it. Yeah, when we were younger, we had friends that had it hard;cost_access_barrier;;;;;;;;;;;;;;;;;;;;;;;;;;;;;;;;;;;;;;
C5c;T5;Uppsala IF U15;Football;Q6_Coach;I haven't seen that in our team. We are fairly new coaches. Maybe before our time it happened, but I haven't seen it;skeptical_response;;;;;;;;;;;;;;;;;;;;;;;;;;;;;;;;;;;;;;
C5c;T5;Uppsala IF U15;Football;Q7_Coach;I think it's a good idea.;positive_acceptance;;;;;;;;;;;;;;;;;;;;;;;;;;;;;;;;;;;;;;
C5c;T5;Uppsala IF U15;Football;Q8_Coach;I think it's a good idea. I think for some people, maybe pressure, but I don't think that for the whole. I think it's a good idea and I think they will become motivated. I would;"motivation_reward; competition_pressure; positive_acceptance";;;;;;;;;;;;;;;;;;;;;;;;;;;;;;;;;;;;;;
C5c;T5;Uppsala IF U15;Football;Q9_Coach;Yeah, a big part. We're playing football every day against other teams who are ready to win and if they win, something is very motivating. Of course, it's a sport when you have to score, you have to make results. So a big part;"motivation_reward; positive_acceptance; trust_safety";;;;;;;;;;;;;;;;;;;;;;;;;;;;;;;;;;;;;;
C5c;T5;Uppsala IF U15;Football;Q10_Coach;No. I think, well, they're here because they think it's fun. That's the main reason why they're here. I wouldn't think like it would be negative that they maybe stop thinking it's fun to play but then see the tokens and then they get motivated about that. I think it will only push them to get back to thinking it's fun being here.;motivation_reward;;;;;;;;;;;;;;;;;;;;;;;;;;;;;;;;;;;;;;
C5c;T5;Uppsala IF U15;Football;Q11_Coach;Well, we're a team, we have to work together. So it's important that we can share things. There's a trust.;"trust_safety; community_support";;;;;;;;;;;;;;;;;;;;;;;;;;;;;;;;;;;;;;
C5c;T5;Uppsala IF U15;Football;Q12_Coach;I don't know;negative_response;;;;;;;;;;;;;;;;;;;;;;;;;;;;;;;;;;;;;;
C5c;T5;Uppsala IF U15;Football;Q13_Coach;I think it's a good idea. It's very good when people can't afford things and somebody has something that I don't need or can use and maybe you can. It's a very good idea.;"cost_access_barrier; positive_acceptance";;;;;;;;;;;;;;;;;;;;;;;;;;;;;;;;;;;;;;
C5c;T5;Uppsala IF U15;Football;Q14_Coach;Yeah, maybe if it's young players and they have a direct connection to this platform. Well, they're still kids. Maybe it's hard for them to send things to other players. Stuff like that might be hard. Hygiene, well, maybe you should have like a middle part of that. Like you send the things They clean, make sure it's good stuff and then send it the other way. Or just a person go to the company's warehouse and then hand it over there. The company checks it if it qualifies or not to give to that person. And the receiver person should come and collect it. I think it's a good idea because maybe it's shared with all homes. and Unhygienic.;"hygiene_quality_concern; app_preference; positive_acceptance; practical_system";;;;;;;;;;;;;;;;;;;;;;;;;;;;;;;;;;;;;;
C5c;T5;Uppsala IF U15;Football;Q15_Coach;Yeah, of course.;positive_acceptance;;;;;;;;;;;;;;;;;;;;;;;;;;;;;;;;;;;;;;
C5c;T5;Uppsala IF U15;Football;Q16_Coach;No explicitly answered;negative_response;;;;;;;;;;;;;;;;;;;;;;;;;;;;;;;;;;;;;;
C6;T6;Uppsala IF U16;Football;Q1_Coach;As other interests interest other other interests and then for me as a coach it's really important that the kids we as grown-ups we have to try to the kids are it's really difficult for kids to see the long path the long way the being playing football they want a success now and that's that's a problem and and then we have to see that the the progression is a long way and and and then i think many kids when they see that they're up uh outgrown by by other kids or they get faster they they come to puberty and it's a problem then i think but many reasons but one thing is that and the other thing is other interest and then they don't when they don't see progress in themselves they they they quit;competition_pressure;;;;;;;;;;;;;;;;;;;;;;;;;;;;;;;;;;;;;;
C6;T6;Uppsala IF U16;Football;Q2_Coach;I think i think it's a it's a it's a taboo to talk about it i think many kids don't start because of it and the parents maybe they feel bad that if they have a problem you have to have many things the shoes the socks the everything it's big;cost_access_barrier;;;;;;;;;;;;;;;;;;;;;;;;;;;;;;;;;;;;;;
C6;T6;Uppsala IF U16;Football;Q3_Coach;they have to think it's fun fun that's really important uh to to show them the the it's important for them to see progress but uh but uh i think it's the fun fun um to be to have friends oh sorry the social bit is really important for them and we have to try to fix that so nobody's outside and stuff like that i think many kids play really long without being really like some one of the best because of that because they have the friends they they want to do a social thing and it's important for us to do that;"social_comfort_team; trust_safety";;;;;;;;;;;;;;;;;;;;;;;;;;;;;;;;;;;;;;
C6;T6;Uppsala IF U16;Football;Q4_Coach;Often in this age any not i don't think it's one one in specific when they grow they should they grow shoes but also clothes;equipment_preference;;;;;;;;;;;;;;;;;;;;;;;;;;;;;;;;;;;;;;
C6;T6;Uppsala IF U16;Football;Q5_Coach;In my experience we have to try we have tried to to fix that with the kids i know uh with different i know the kids are really nice to each other we have a player who to his birthday the other players bought him keeper gloves and stuff like that that's really really nice and we try to do that and try and the kids did it themselves we didn't we had that's nice after yeah and they know they know they they know because we have kids from very different social backgrounds here from living in almost castles to living to sharing um rooms with other siblings so that's the difference in social you have seen the families have some problem with the financials ;"cost_access_barrier; positive_circulation_response; social_comfort_team; trust_safety";;;;;;;;;;;;;;;;;;;;;;;;;;;;;;;;;;;;;;
C6;T6;Uppsala IF U16;Football;Q6_Coach;Not in the team that's interesting my my kid is one of the smallest okay but i haven't seen that shoes i've seen shoes but not not other equipment but they do share they share in many of these kids has their older siblings and they have younger siblings so they get to the okay to like that;"positive_circulation_response;social_comfort_broad";;;;;;;;;;;;;;;;;;;;;;;;;;;;;;;;;;;;;;
C6;T6;Uppsala IF U16;Football;Q7_Coach;That's nice it's another as a new way to do it is important i think because they everybody in this age have a telephone and they are just now looking at their telephones so they have apps and stuff like that so that's important and you can also track them yeah as a coach how kids are feeling;app_preference;;;;;;;;;;;;;;;;;;;;;;;;;;;;;;;;;;;;;;
C6;T6;Uppsala IF U16;Football;Q8_Coach;I don't know i hope not it could be but i hope not i hope that i hope that it's for the better of everybody;skeptical_response;;;;;;;;;;;;;;;;;;;;;;;;;;;;;;;;;;;;;;
C6;T6;Uppsala IF U16;Football;Q9_Coach;I think prices uh i i know that the tokens like other stuff in playing games and getting stuff like that it's one of the things that they live every day and in games and stuff like that so i think it's a good incentive to give them motivation;motivation_reward;;;;;;;;;;;;;;;;;;;;;;;;;;;;;;;;;;;;;;
C6;T6;Uppsala IF U16;Football;Q10_Coach;when they have something like prizes i have seen but in in another parts more than here;motivation_reward;;;;;;;;;;;;;;;;;;;;;;;;;;;;;;;;;;;;;;
C6;T6;Uppsala IF U16;Football;Q11_Coach;there is a trust i think;"trust_safety; social_comfort_team";;;;;;;;;;;;;;;;;;;;;;;;;;;;;;;;;;;;;;
C6;T6;Uppsala IF U16;Football;Q12_Coach;I think the rivalry is too big to other teams and they have friends in other teams but when they play and they have their club it's a problem and i think i think we could do much more in the clubs here to trust each other more and that's also it's important for us grown-ups to do that example;"trust_safety; social_comfort_broad";;;;;;;;;;;;;;;;;;;;;;;;;;;;;;;;;;;;;;
C6;T6;Uppsala IF U16;Football;Q13_Coach;I think it's a nice nice idea;"app_preference; positive_circulation_response";;;;;;;;;;;;;;;;;;;;;;;;;;;;;;;;;;;;;;
C6;T6;Uppsala IF U16;Football;Q14_Coach;I think many kids wants new stuff and i i'm not like that at all many of my stuff are second hand no but is hygiene or fairness no i guess some kids could be hygiene is a problem but i don't know i don't really know;"hygiene_quality_concern; fairness_reciprocity; positive_circulation_response; skeptical_response";;;;;;;;;;;;;;;;;;;;;;;;;;;;;;;;;;;;;;
C6;T6;Uppsala IF U16;Football;Q15_Coach;I hope so;"inclusion_retention; community_support";;;;;;;;;;;;;;;;;;;;;;;;;;;;;;;;;;;;;;
C6;T6;Uppsala IF U16;Football;Q16_Coach;In this specific thing i don't i don't really know because i i'm new to this kind of stuff so i don't i don't know what could be the the thing to to make it work;skeptical_response;;;;;;;;;;;;;;;;;;;;;;;;;;;;;;;;;;;;;;
C7;T7;Uppsala IF U18;Football;Q1_Coach;Schools that Takes a lot of time and maybe the interest for them that other interest around I mean that they are these kids are Turning 18 now, so it means that they they get other stuff around the party and all of that so that that is a lot of things that they they might don't feel that they Will have 100% effort into the for the sport;no_inclusion_retention;;;;;;;;;;;;;;;;;;;;;;;;;;;;;;;;;;;;;;
C7;T7;Uppsala IF U18;Football;Q2_Coach;Really Depends on the each player.I mean so some families have a lot of money Because Here they the kids get everything from from from the parents Some of them might need to do some Some Work themselves to get the equipment, but nowadays I mean many things could be that they actually could find less pro equipment, but for better money Depending on the kids;cost_access_barrier;;;;;;;;;;;;;;;;;;;;;;;;;;;;;;;;;;;;;;
C7;T7;Uppsala IF U18;Football;Q3_Coach;Of course, it's making everyone Participate and part of the training and have their own decisions to feel that they are able to do their own decisions in training and of course the coaches need to decide what is good, but Take their I think that they feel that they are part of the training;"social_comfort_broad; positive_acceptance; trust_safety";;;;;;;;;;;;;;;;;;;;;;;;;;;;;;;;;;;;;;
C7;T7;Uppsala IF U18;Football;Q4_Coach;It's definitely the shoes, but maybe they are not outgrowing them. They are Wearing them today, it's not usable to work anymore with them so Some of them might outgrow But I think most of the players here have the feet that they will have that when they are adult as well if you see the size of And of course in younger ages, I mean if you look at these players they have the shin pads that they had I guess that they have smaller shin pads than and then the kids that are seven or eight Oh, they like to have small small shin pads So more or less they never outgrow them of course clothes, but in this club. It's part of the The Training So it's most shoes;equipment_preference;;;;;;;;;;;;;;;;;;;;;;;;;;;;;;;;;;;;;;
C7;T7;Uppsala IF U18;Football;Q5_Coach;Both yes and no, but but in many clubs here in Uppsala at least Depending on where they are If they are bigger older club They could help with some financial aid help for memberships and stuff like that and maybe from shoes on and so on So I hope hopefully none none have ever stopped Because of that, but it can be some embarrassing things that they don't want to really talk about it and of course when it's New season new time and all the parents asked if they need shoes and they feel that oh should I buy shoes for one? 1500 Swedish Krona or 2000 Swedish Krona or 200 euros And I'm really not sure if that's good for the family And if I don't really want to continue it could be a barrier for them to make the decision;"cost_access_barrier; social_comfort_broad; positive_circulation_response; community_support; trust_safety";;;;;;;;;;;;;;;;;;;;;;;;;;;;;;;;;;;;;;
C7;T7;Uppsala IF U18;Football;Q6_Coach;Yes;positive_acceptance;;;;;;;;;;;;;;;;;;;;;;;;;;;;;;;;;;;;;;
C7;T7;Uppsala IF U18;Football;Q7_Coach;I think it could be good.I mean the the well-being part is I mean Could be something that we think about that. It's good But in the real end the kids and the players they should be the ones that Send the signals how they feel and it could be easier for us to track;"app_preference; community_support";;;;;;;;;;;;;;;;;;;;;;;;;;;;;;;;;;;;;;
C7;T7;Uppsala IF U18;Football;Q8_Coach;I think it could be good Not really think about it if it will be any pressure for them, but in the short thinking of it I think it's gonna be good. I mean many clubs and They have their own Backpacks for for the club.So it's not that they should share to another club, but It could be stuff;"social_comfort_broad; trust_safety";;;;;;;;;;;;;;;;;;;;;;;;;;;;;;;;;;;;;;
C7;T7;Uppsala IF U18;Football;Q9_Coach;Generally I'm not sure actually But but but it could I mean Maybe the best thing for us is if we could track the well-being If that means that they are doing that and continue doing that because of the get the rewards And then it's good;"motivation_reward; skeptical_response; app_preference";;;;;;;;;;;;;;;;;;;;;;;;;;;;;;;;;;;;;;
C7;T7;Uppsala IF U18;Football;Q10_Coach;No;negative_response;;;;;;;;;;;;;;;;;;;;;;;;;;;;;;;;;;;;;;
C7;T7;Uppsala IF U18;Football;Q11_Coach;Yeah, yeah, I would say it's not no problem between them between them I mean In all teams, I mean that there are different Gangs in team but people in groups and different groups so I mean between them there's no problem and Bridging all between different groups;"trust_safety; social_comfort_team";;;;;;;;;;;;;;;;;;;;;;;;;;;;;;;;;;;;;;
C7;T7;Uppsala IF U18;Football;Q12_Coach;Maybe in an app but in this group right now if I see that day they could be like, okay I don't need this shoes or shin pads. Do you want to to borrow them Buy them from me that could be one thing that they they have outgrown them or they don't like them and So it could be that someone else buys them because of that But they don't generally go out to other teams in in the same club or Of course, of course if they have other they have other friends around in other clubs This could be the same so I think it's more like a friend to friend;"social_comfort_broad; positive_circulation_response; trust_safety";;;;;;;;;;;;;;;;;;;;;;;;;;;;;;;;;;;;;;
C7;T7;Uppsala IF U18;Football;Q13_Coach;I think it could be good.I mean what one problem like I said if they are from Uppsala IF It will only be Uppsala IF that should have The clothes and backpacks but If they are outgrown shin pads things like that No problem. It could be good. So equipments without any logos or something like that could be used here.;;;;;;;;;;;;;;;;;;;;;;;;;;;;;;;;;;;;;;;
C7;T7;Uppsala IF U18;Football;Q14_Coach;If it's photos and stuff like that, then it's no problem I mean and if it's up to the seller to to not be anonymous that then then of course It could be Okay These guys(giver) has delivered 15 stuff last couple of weeks then and everyone (track record);"trust_safety; practical_system; positive_acceptance; scam_risk";;;;;;;;;;;;;;;;;;;;;;;;;;;;;;;;;;;;;;
C7;T7;Uppsala IF U18;Football;Q15_Coach;Maybe maybe maybe definitely in other countries or different parts of Sweden as well Definitely. I mean the last thing that would is people to stop playing Sport because of they don't have the equipment that's needed or they have outgrown it or they need to run with Two small shoes and stuff like that. So so of course, it's It's no negative around it.And of course might need some extra work to Sort it;"positive_acceptance; inclusion_retention";;;;;;;;;;;;;;;;;;;;;;;;;;;;;;;;;;;;;;
C7;T7;Uppsala IF U18;Football;Q16_Coach;I Think it's already good;"app_preference; practical_system";;;;;;;;;;;;;;;;;;;;;;;;;;;;;;;;;;;;;;
C8;T8;Rasbo IP U16;Football;Q1_Coach;Some other interests. Motorcycle. When they grow up. They got 16 years. And girls. Distraction;no_inclusion_retention;;;;;;;;;;;;;;;;;;;;;;;;;;;;;;;;;;;;;;
C8;T8;Rasbo IP U16;Football;Q2_Coach;For some, but not so;"cost_access_barrier; inclusion_retention";;;;;;;;;;;;;;;;;;;;;;;;;;;;;;;;;;;;;;
C8;T8;Rasbo IP U16;Football;Q3_Coach;Their friends;"social_comfort_team; trust_safety";;;;;;;;;;;;;;;;;;;;;;;;;;;;;;;;;;;;;;
C8;T8;Rasbo IP U16;Football;Q4_Coach;Shoes. They replace the most;equipment_preference;;;;;;;;;;;;;;;;;;;;;;;;;;;;;;;;;;;;;;
C8;T8;Rasbo IP U16;Football;Q5_Coach;Yes. One. In this team. The shin guards. Then we collect it and give him .We don't want it to be a reason. We want them to have fun.;"positive_circulation_response; social_comfort_team; trust_safety";;;;;;;;;;;;;;;;;;;;;;;;;;;;;;;;;;;;;;
C8;T8;Rasbo IP U16;Football;Q6_Coach;No. Not the children.Often the parents. Who come with them. And put it in the. Club office;community_support;;;;;;;;;;;;;;;;;;;;;;;;;;;;;;;;;;;;;;
C8;T8;Rasbo IP U16;Football;Q7_Coach;Sounds good.;positive_acceptance;;;;;;;;;;;;;;;;;;;;;;;;;;;;;;;;;;;;;;
C8;T8;Rasbo IP U16;Football;Q8_Coach;It becomes like a game. That's good. They like to play games with their phones. That motivates them.;"motivation_reward; app_preference; positive_acceptance";;;;;;;;;;;;;;;;;;;;;;;;;;;;;;;;;;;;;;
C8;T8;Rasbo IP U16;Football;Q9_Coach;Perhaps if they are competing. Against each other. I have 10 tokens. You have only 5. That could be a reason. Or the stuff;"motivation_reward; competition_pressure";;;;;;;;;;;;;;;;;;;;;;;;;;;;;;;;;;;;;;
C8;T8;Rasbo IP U16;Football;Q10_Coach;They don't care. They keep playing football;motivation_reward;;;;;;;;;;;;;;;;;;;;;;;;;;;;;;;;;;;;;;
C8;T8;Rasbo IP U16;Football;Q11_Coach;yes;positive_acceptance;;;;;;;;;;;;;;;;;;;;;;;;;;;;;;;;;;;;;;
C8;T8;Rasbo IP U16;Football;Q12_Coach;yeah;positive_acceptance;;;;;;;;;;;;;;;;;;;;;;;;;;;;;;;;;;;;;;
C8;T8;Rasbo IP U16;Football;Q13_Coach;It's good;"app_preference; positive_circulation_response";;;;;;;;;;;;;;;;;;;;;;;;;;;;;;;;;;;;;;
C8;T8;Rasbo IP U16;Football;Q14_Coach;If it's bad stuff. Bad quality.;hygiene_quality_concern;;;;;;;;;;;;;;;;;;;;;;;;;;;;;;;;;;;;;;
C8;T8;Rasbo IP U16;Football;Q15_Coach;I think yes;"inclusion_retention; community_support";;;;;;;;;;;;;;;;;;;;;;;;;;;;;;;;;;;;;;
C8;T8;Rasbo IP U16;Football;Q16_Coach;Perhaps. Someone has to start. And then it goes. To another. If it doesn't start. Then it's gone. The initiation to start. That's the mission.;"app_preference; practical_system";;;;;;;;;;;;;;;;;;;;;;;;;;;;;;;;;;;;;;
;;;;;;;;;;;;;;;;;;;;;;;;;;;;;;;;;;;;;;;;;;;;
;;;;;;;;;;;;;;;;;;;;;;;;;;;;;;;;;;;;;;;;;;;;
;;;;;;;;;;;;;;;;;;;;;;;;;;;;;;;;;;;;;;;;;;;;
;;;;;;;;;;;;;;;;;;;;;;;;;;;;;;;;;;;;;;;;;;;;
;;;;;;;;;;;;;;;;;;;;;;;;;;;;;;;;;;;;;;;;;;;;
;;;;;;;;;;;;;;;;;;;;;;;;;;;;;;;;;;;;;;;;;;;;
;;;;;;;;;;;;;;;;;;;;;;;;;;;;;;;;;;;;;;;;;;;;
;;;;;;;;;;;;;;;;;;;;;;;;;;;;;;;;;;;;;;;;;;;;
;;;;;;;;;;;;;;;;;;;;;;;;;;;;;;;;;;;;;;;;;;;;
;;;;;;;;;;;;;;;;;;;;;;;;;;;;;;;;;;;;;;;;;;;;
;;;;;;;;;;;;;;;;;;;;;;;;;;;;;;;;;;;;;;;;;;;;
;;;;;;;;;;;;;;;;;;;;;;;;;;;;;;;;;;;;;;;;;;;;
;;;;;;;;;;;;;;;;;;;;;;;;;;;;;;;;;;;;;;;;;;;;
;;;;;;;;;;;;;;;;;;;;;;;;;;;;;;;;;;;;;;;;;;;;
;;;;;;;;;;;;;;;;;;;;;;;;;;;;;;;;;;;;;;;;;;;;
;;;;;;;;;;;;;;;;;;;;;;;;;;;;;;;;;;;;;;;;;;;;
;;;;;;;;;;;;;;;;;;;;;;;;;;;;;;;;;;;;;;;;;;;;
;;;;;;;;;;;;;;;;;;;;;;;;;;;;;;;;;;;;;;;;;;;;
;;;;;;;;;;;;;;;;;;;;;;;;;;;;;;;;;;;;;;;;;;;;
;;;;;;;;;;;;;;;;;;;;;;;;;;;;;;;;;;;;;;;;;;;;
;;;;;;;;;;;;;;;;;;;;;;;;;;;;;;;;;;;;;;;;;;;;
;;;;;;;;;;;;;;;;;;;;;;;;;;;;;;;;;;;;;;;;;;;;
;;;;;;;;;;;;;;;;;;;;;;;;;;;;;;;;;;;;;;;;;;;;
;;;;;;;;;;;;;;;;;;;;;;;;;;;;;;;;;;;;;;;;;;;;
;;;;;;;;;;;;;;;;;;;;;;;;;;;;;;;;;;;;;;;;;;;;
;;;;;;;;;;;;;;;;;;;;;;;;;;;;;;;;;;;;;;;;;;;;
;;;;;;;;;;;;;;;;;;;;;;;;;;;;;;;;;;;;;;;;;;;;
;;;;;;;;;;;;;;;;;;;;;;;;;;;;;;;;;;;;;;;;;;;;
;;;;;;;;;;;;;;;;;;;;;;;;;;;;;;;;;;;;;;;;;;;;
;;;;;;;;;;;;;;;;;;;;;;;;;;;;;;;;;;;;;;;;;;;;
;;;;;;;;;;;;;;;;;;;;;;;;;;;;;;;;;;;;;;;;;;;;
;;;;;;;;;;;;;;;;;;;;;;;;;;;;;;;;;;;;;;;;;;;;
;;;;;;;;;;;;;;;;;;;;;;;;;;;;;;;;;;;;;;;;;;;;
;;;;;;;;;;;;;;;;;;;;;;;;;;;;;;;;;;;;;;;;;;;;
;;;;;;;;;;;;;;;;;;;;;;;;;;;;;;;;;;;;;;;;;;;;
;;;;;;;;;;;;;;;;;;;;;;;;;;;;;;;;;;;;;;;;;;;;
;;;;;;;;;;;;;;;;;;;;;;;;;;;;;;;;;;;;;;;;;;;;
;;;;;;;;;;;;;;;;;;;;;;;;;;;;;;;;;;;;;;;;;;;;
;;;;;;;;;;;;;;;;;;;;;;;;;;;;;;;;;;;;;;;;;;;;
;;;;;;;;;;;;;;;;;;;;;;;;;;;;;;;;;;;;;;;;;;;;
;;;;;;;;;;;;;;;;;;;;;;;;;;;;;;;;;;;;;;;;;;;;
;;;;;;;;;;;;;;;;;;;;;;;;;;;;;;;;;;;;;;;;;;;;
;;;;;;;;;;;;;;;;;;;;;;;;;;;;;;;;;;;;;;;;;;;;
;;;;;;;;;;;;;;;;;;;;;;;;;;;;;;;;;;;;;;;;;;;;
;;;;;;;;;;;;;;;;;;;;;;;;;;;;;;;;;;;;;;;;;;;;
;;;;;;;;;;;;;;;;;;;;;;;;;;;;;;;;;;;;;;;;;;;;
;;;;;;;;;;;;;;;;;;;;;;;;;;;;;;;;;;;;;;;;;;;;
;;;;;;;;;;;;;;;;;;;;;;;;;;;;;;;;;;;;;;;;;;;;
;;;;;;;;;;;;;;;;;;;;;;;;;;;;;;;;;;;;;;;;;;;;
;;;;;;;;;;;;;;;;;;;;;;;;;;;;;;;;;;;;;;;;;;;;
;;;;;;;;;;;;;;;;;;;;;;;;;;;;;;;;;;;;;;;;;;;;
;;;;;;;;;;;;;;;;;;;;;;;;;;;;;;;;;;;;;;;;;;;;
;;;;;;;;;;;;;;;;;;;;;;;;;;;;;;;;;;;;;;;;;;;;
;;;;;;;;;;;;;;;;;;;;;;;;;;;;;;;;;;;;;;;;;;;;
;;;;;;;;;;;;;;;;;;;;;;;;;;;;;;;;;;;;;;;;;;;;
;;;;;;;;;;;;;;;;;;;;;;;;;;;;;;;;;;;;;;;;;;;;
